SUBJECT_ID,CLASS_DAY,START_TIME,END_TIME
ELC204-00,월,9:00,10:15
ELC204-00,수,9:00,10:15
ELC204-01,화,9:00,10:15
ELC204-01,목,9:00,10:15
ELC203-00,화,12:00,13:15
ELC203-00,목,12:00,13:15
ELC203-01,금,13:30,16:15
ELC202-00,금,9:00,11:45
ELC201-00,화,9:00,10:15
ELC201-00,목,9:00,10:15
ELC205-00,월,9:00,10:15
ELC205-00,수,9:00,10:15
ELC205-01,화,9:00,10:15
ELC205-01,목,9:00,10:15
ELC103-00,월,15:00,16:15
ELC103-00,수,15:00,16:15
ELC103-01,화,13:30,14:45
ELC103-01,목,13:30,14:45
ELC104-00,월,13:30,14:45
ELC104-00,수,13:30,14:45
ELC104-01,화,10:30,11:45
ELC104-01,목,10:30,11:45
ELC481-00,금,9:00,11:45
ELC311-00,화,10:30,11:45
ELC311-00,목,10:25,11:45
ELC106-00,월,16:30,17:45
ELC106-00,수,16:30,17:45
ELC381-00,화,16:30,17:45
ELC381-00,목,16:30,17:45
ELC101-00,금,13:30,16:15
ELC105-00,월,10:30,11:45
ELC105-00,수,10:30,11:45
ELC337-00,월,12:00,13:15
ELC337-00,수,12:00,13:15
ELC238-00,월,15:00,16:15
ELC238-00,수,15:00,16:15
ELC410-00,화,15:00,16:15
ELC410-00,목,15:00,16:15
ELC344-00,금,15:00,17:45
ELC374-00,금,9:00,11:45
ELC302-00,금,13:30,16:15
ELC471-00,화,12:00,13:15
ELC471-00,목,12:00,13:15
ELC301-00,월,12:00,13:15
ELC301-00,수,12:00,13:15
EDU3121-G00,월,13:30,14:45
EDU3121-G00,수,13:30,14:45
KO1403-00,금,10:30,13:15
KO1402-00,월,15:00,16:15
KO1402-00,수,15:00,16:15
KO3106-00,월,12:00,13:15
KO3106-00,수,12:00,13:15
KO4201-00,월,16:30,17:45
KO4201-00,수,16:30,17:45
KO3202-00,화,12:00,13:15
KO3202-00,목,12:00,13:15
KO1202-00,화,10:30,11:45
KO1202-00,목,10:30,11:45
KO4105-00,목,9:00,11:45
KO4105-00,금,18:00,19:15
KO3102-00,화,15:00,16:15
KO3102-00,목,15:00,16:15
KO3103-00,월,10:30,11:45
KO3103-00,수,10:30,11:45
KO2104-00,월,15:00,16:15
KO2104-00,수,15:00,16:15
KO2105-00,월,9:00,10:15
KO2105-00,수,9:00,10:15
KO1102-00,월,10:30,11:45
KO1102-00,수,10:30,11:45
KO2102-00,화,10:30,11:45
KO2102-00,목,10:30,11:45
KO4304-00,금,10:30,13:15
KO2501-00,화,16:30,17:45
KO2501-00,목,16:30,17:45
KO2201-00,화,9:00,10:15
KO2201-00,목,9:00,10:15
KO1101-00,월,12:00,13:15
KO1101-00,수,12:00,13:15
JP251-00,화,16:30,17:45
JP251-00,목,16:30,17:45
JP231-00,금,10:30,13:15
JP374-00,화,10:30,11:45
JP374-00,목,10:30,11:45
JP475-00,금,10:30,13:15
JP273-00,화,13:30,14:45
JP273-00,목,13:30,14:45
JP113-00,화,13:30,14:45
JP113-00,목,13:30,14:45
JP113-01,화,13:30,14:45
JP113-01,목,13:30,14:45
JP481-00,월,12:00,13:15
JP481-00,수,12:00,13:15
JP411-00,월,13:30,14:45
JP411-00,수,13:30,14:45
JP331-00,월,13:30,14:45
JP331-00,수,13:30,14:45
JP213-00,월,12:00,13:15
JP213-00,수,12:00,13:15
JP233-00,화,10:30,11:45
JP233-00,목,10:30,11:45
JP476-00,월,9:00,10:15
JP476-00,수,9:00,10:15
JP272-00,월,15:00,16:15
JP272-00,수,15:00,16:15
JP211-00,월,9:00,10:15
JP211-00,수,9:00,10:15
JP211-02,월,9:00,10:15
JP211-02,수,9:00,10:15
JP111-00,월,10:30,11:45
JP111-00,수,10:30,11:45
JP111-01,월,10:30,11:45
JP111-01,수,10:30,11:45
JP111-02,월,10:30,11:45
JP111-02,수,10:30,11:45
JP378-00,금,13:30,16:15
JP380-00,화,15:00,16:45
JP380-00,목,15:00,16:45
JP313-00,화,12:00,13:15
JP313-00,목,12:00,13:15
JP232-00,월,16:30,17:45
JP232-00,수,16:30,17:45
JP271-00,화,9:00,10:15
JP271-00,목,9:00,10:15
EDU3359-G00,목,10:30,13:15
EDU3193-G00,화,13:30,16:15
CHI419-00,월,12:00,13:15
CHI419-00,수,12:00,13:15
CHI201-00,금,10:30,13:15
CHI201-01,월,12:00,13:15
CHI201-01,수,12:00,13:15
CHI312-00,월,15:00,16:15
CHI312-00,수,15:00,16:15
CHI303-00,화,10:30,11:45
CHI303-00,목,10:30,11:45
CHI303-01,화,10:30,11:45
CHI303-01,목,10:30,11:45
CHI420-00,월,10:30,11:45
CHI420-00,수,10:30,11:45
CHI409-00,월,16:30,17:45
CHI409-00,수,16:30,17:45
CHI315-00,화,15:00,16:15
CHI315-00,목,15:00,16:15
CHI209-00,월,10:30,11:45
CHI209-00,수,10:30,11:45
CHI107-00,월,12:00,13:15
CHI107-00,수,12:00,13:15
CHI107-01,월,12:00,13:15
CHI107-01,수,12:00,13:15
CHI314-00,화,15:00,16:15
CHI314-00,목,15:00,16:15
CHI302-00,화,12:00,13:15
CHI302-00,목,12:00,13:15
CHI415-00,월,15:00,16:15
CHI415-00,수,15:00,16:15
CHI211-00,화,15:00,16:15
CHI211-00,목,15:00,16:15
CHI203-00,화,12:00,13:15
CHI203-00,목,12:00,13:15
CHI203-01,화,12:00,13:15
CHI203-01,목,12:00,13:15
CHI103-00,화,12:00,13:15
CHI103-00,목,12:00,13:15
CHI103-01,월,15:00,16:15
CHI103-01,수,15:00,16:15
CHI103-02,월,16:30,17:45
CHI103-02,수,16:30,17:45
CHI417-00,화,10:30,11:45
CHI417-00,목,10:30,11:45
CHI101-00,월,15:00,16:15
CHI101-00,수,15:00,16:15
CHI105-00,월,10:30,11:45
CHI105-00,수,10:30,11:45
CHI105-01,화,10:30,11:45
CHI105-01,목,10:30,11:45
EDU3195-G00,금,15:00,17:45
RU3101-00,월,9:00,10:15
RU3101-00,수,9:00,10:15
RU3101-01,월,9:00,10:15
RU3101-01,수,9:00,10:15
RU2202-00,화,13:30,14:45
RU2202-00,목,13:30,14:45
RU3202-00,화,12:00,13:15
RU3202-00,목,12:00,13:15
RU2201-00,월,16:30,17:45
RU2201-00,수,16:30,17:45
RU4102-00,월,10:30,11:45
RU4102-00,수,10:30,11:45
RU1103-00,월,10:30,11:45
RU1103-00,수,10:30,11:45
RU1103-01,월,10:30,11:45
RU1103-01,수,10:30,11:45
RU1103-02,월,15:00,16:15
RU1103-02,수,15:00,16:15
RU2103-00,금,9:00,11:45
RU2304-00,월,13:30,14:45
RU2304-00,수,13:30,14:45
RU1101-00,화,9:00,10:15
RU1101-00,목,9:00,10:15
RU1101-01,화,9:00,10:15
RU1101-01,목,9:00,10:15
RU1101-02,화,10:30,11:45
RU1101-02,목,10:30,11:45
RU2101-00,화,16:30,17:45
RU2101-00,목,16:30,17:45
RU2101-01,화,16:30,17:45
RU2101-01,목,16:30,17:45
RU1301-00,월,12:00,13:15
RU1301-00,수,12:00,13:15
RU4402-00,목,15:00,17:45
RU3304-00,월,13:30,14:45
RU3304-00,수,13:30,14:45
RU4104-00,월,12:00,13:15
RU4104-00,수,12:00,13:15
RU3301-00,화,10:30,11:45
RU3301-00,목,10:30,11:45
ESP328-00,월,16:30,17:45
ESP328-00,수,16:30,17:45
ESP319-00,화,16:30,17:45
ESP319-00,목,16:30,17:45
ESP334-00,화,10:30,11:45
ESP334-00,목,10:30,11:45
ESP318-00,화,15:00,16:15
ESP318-00,목,15:00,16:15
ESP222-00,화,13:30,14:45
ESP222-00,목,13:30,14:45
ESP101-00,화,15:00,16:15
ESP101-00,목,15:00,16:15
ESP101-01,화,15:00,16:15
ESP101-01,목,15:00,16:15
ESP105-00,수,13:30,14:45
ESP105-00,월,13:30,14:45
ESP105-01,월,13:30,14:45
ESP105-01,수,13:30,14:45
ESP105-02,월,15:00,16:15
ESP105-02,수,15:00,16:15
ESP207-00,월,9:00,10:15
ESP207-00,수,9:00,10:15
ESP207-01,월,12:00,13:15
ESP207-01,수,12:00,13:15
ESP207-02,월,15:00,16:15
ESP207-02,수,15:00,16:15
ESP203-00,화,10:30,11:45
ESP203-00,목,10:30,11:45
ESP309-00,화,9:00,10:15
ESP309-00,목,9:00,10:15
ESP309-01,화,12:00,13:15
ESP309-01,목,12:00,13:15
ESP309-02,화,12:00,13:15
ESP309-02,목,12:00,13:15
ESP213-00,월,13:30,14:45
ESP213-00,수,13:30,14:45
ESP239-00,월,10:30,11:45
ESP239-00,수,10:30,11:45
ESP324-00,월,10:30,11:45
ESP324-00,수,10:30,11:45
ESP333-00,화,13:30,14:45
ESP333-00,목,13:30,14:45
ESP438-00,금,13:30,14:45
ESP438-00,금,15:00,16:15
ESP431-00,월,13:30,14:45
ESP431-00,수,13:30,14:45
ESP118-00,금,9:00,10:15
ESP118-00,금,10:30,11:45
EDU3357-G00,금,10:30,11:45
EDU3357-G00,금,12:00,13:15
FR3011-00,월,16:30,17:45
FR3011-00,수,16:30,17:45
FR3011-01,화,16:30,17:45
FR3011-01,목,16:30,17:45
FR2011-00,월,10:30,11:45
FR2011-00,수,10:30,11:45
FR2011-01,월,10:30,11:45
FR2011-01,수,10:30,11:45
FR3016-00,금,15:00,16:15
FR3016-00,금,16:30,17:45
FR4015-00,월,16:30,17:45
FR4015-00,수,16:30,17:45
FR2013-00,월,15:00,16:15
FR2013-00,수,15:00,16:15
FR2013-01,월,13:30,14:45
FR2013-01,수,13:30,14:45
FR1011-00,월,13:30,14:45
FR1011-00,수,13:30,14:45
FR1011-01,화,10:30,11:45
FR1011-01,목,10:30,11:45
FR1013-00,화,13:30,14:45
FR1013-00,목,13:30,14:45
FR1013-01,월,12:00,13:15
FR1013-01,수,12:00,13:15
FR1013-02,화,12:00,13:15
FR1013-02,목,12:00,13:15
FR3041-00,화,15:00,16:15
FR3041-00,목,15:00,16:15
FR2022-00,화,10:30,11:45
FR2022-00,목,10:30,11:45
FR2024-00,금,10:30,11:45
FR2024-00,금,12:00,13:15
FR4024-00,월,13:30,14:45
FR4024-00,수,13:30,14:45
FR4041-00,월,10:30,11:45
FR4041-00,수,10:30,11:45
FR4301-00,화,16:30,17:45
FR4301-00,화,18:00,19:15
FR3015-00,월,15:00,16:15
FR3015-00,수,15:00,16:15
FR2032-00,화,13:30,14:45
FR2032-00,목,13:30,14:45
FR3034-00,화,10:30,11:45
FR3034-00,목,10:30,11:45
FR2041-00,화,15:00,16:15
FR2041-00,목,15:00,16:15
EDU3198-G00,월,9:00,10:15
EDU3198-G00,수,9:00,10:15
ELC343-00,월,13:30,14:45
ELC343-00,수,13:30,14:45
ELC462-00,화,10:30,11:45
ELC462-00,목,10:30,11:45
ELC464-00,화,13:30,14:45
ELC464-00,목,13:30,14:45
ELC411-00,목,15:00,17:45
ELC253-00,금,13:30,16:15
ELC257-00,화,13:30,14:45
ELC257-00,목,13:30,14:45
ELC356-00,금,12:00,14:45
ELC359-00,월,10:30,11:45
ELC359-00,수,10:30,11:45
ELC251-00,월,10:30,11:45
ELC251-00,수,10:30,11:45
ENV385-00,화,15:00,19:50
ENV385-01,목,15:00,19:50
ENV488-01,화,15:00,19:50
ENV488-02,수,15:00,19:50
ENV487-00,토,9:00,10:00
ENV485-00,월,15:00,17:45
ENV418-00,수,10:30,13:15
ENV387-01,월,15:00,17:30
ENV387-01,수,15:00,17:30
ENV390-00,화,13:30,14:45
ENV390-00,목,13:30,14:45
ENV281-00,월,10:30,11:45
ENV281-00,수,10:30,11:45
ENV391-00,월,10:30,11:45
ENV391-00,수,10:30,11:45
ENV315-00,월,13:30,14:45
ENV315-00,수,13:30,14:45
ENV491-01,화,10:30,11:45
ENV491-01,목,10:30,11:45
ENV379-00,화,10:30,11:45
ENV379-00,목,10:30,11:45
ENV357-00,월,13:30,14:45
ENV357-00,수,13:30,14:45
ENV212-01,화,13:30,14:45
ENV212-01,목,13:30,14:45
ENV276-00,월,9:00,10:15
ENV276-00,수,9:00,10:15
ENV461-00,화,9:00,10:15
ENV461-00,목,9:00,10:15
ENV389-00,월,9:00,10:15
ENV389-00,수,9:00,10:15
ENV274-00,화,9:00,10:15
ENV274-00,목,9:00,10:15
AE473-00,월,18:00,20:45
AE473-01,월,18:00,20:45
AE473-02,월,18:00,20:45
AE473-03,월,18:00,20:45
AE351-00,월,13:30,14:45
AE351-00,수,13:30,14:45
AE351-01,월,15:00,16:15
AE351-01,수,15:00,16:15
AE371-00,화,10:30,11:45
AE371-00,목,10:30,11:45
AE331-00,월,10:30,11:45
AE331-00,수,10:30,11:45
AE211-00,월,12:00,14:45
AE211-03,월,15:00,17:45
AE401-00,토,9:00,9:50
AE451-01,화,15:00,16:15
AE451-01,목,15:00,16:15
AE201-00,목,16:30,19:15
AE431-00,목,16:30,19:15
AE103-00,월,12:00,13:15
AE103-00,수,12:00,13:15
AE101-00,수,9:00,11:45
AE271-00,월,9:00,10:15
AE271-00,수,9:00,10:15
AE271-01,월,10:30,11:45
AE271-01,수,10:30,11:45
AE302-00,토,10:00,11:50
AE251-00,수,13:30,15:20
AE251-00,금,13:30,15:20
AE251-01,수,15:30,17:20
AE251-01,금,15:30,17:20
AE251-02,수,17:30,19:20
AE251-02,금,17:30,19:20
AE352-00,화,13:30,14:45
AE352-00,목,13:30,14:45
AE372-00,목,15:00,17:45
AE202-00,화,13:30,14:45
AE202-00,목,13:30,14:45
AE231-00,화,10:30,11:45
AE231-00,목,10:30,11:45
AE112-00,월,16:30,17:45
AE112-00,수,16:30,17:45
ME211-01,화,13:30,14:45
ME211-01,목,13:30,14:45
ME211-02,월,10:30,11:45
ME211-02,수,10:30,11:45
ME211-03,화,10:30,11:45
ME211-03,목,10:30,11:45
ME211-04,월,12:00,13:15
ME211-04,수,12:00,13:15
ME379-01,수,12:00,12:50
ME231-01,화,9:00,10:15
ME231-01,목,9:00,10:15
ME231-02,월,15:00,16:15
ME231-02,수,15:00,16:15
ME231-03,월,15:00,16:15
ME231-03,수,15:00,16:15
ME231-04,화,9:00,10:15
ME231-04,목,9:00,10:15
ME251-01,화,13:30,14:45
ME251-01,목,13:30,14:45
ME251-02,월,16:30,17:45
ME251-02,수,16:30,17:45
ME251-03,월,16:30,17:45
ME251-03,수,16:30,17:45
ME251-04,화,13:30,14:45
ME251-04,목,13:30,14:45
ME401-00,토,9:00,9:50
ME321-01,월,9:00,10:15
ME321-01,수,9:00,10:15
ME321-02,월,10:30,11:45
ME321-02,수,10:30,11:45
ME314-01,금,12:00,14:45
ME314-02,금,9:00,11:45
ME479-01,금,15:00,17:45
ME479-02,금,15:00,17:45
ME479-03,금,15:00,17:45
ME479-04,금,15:00,17:45
ME312-01,월,13:30,14:45
ME312-01,수,13:30,14:45
ME312-02,월,13:30,14:45
ME312-02,수,13:30,14:45
ME371-01,월,16:30,17:45
ME371-01,수,16:30,17:45
ME371-02,월,16:30,17:50
ME371-02,수,16:30,17:50
ME371-03,화,12:00,13:15
ME371-03,목,12:00,13:15
ME371-04,화,12:00,13:15
ME371-04,목,12:00,13:15
ME382-01,월,19:00,21:45
ME475-01,화,9:00,10:15
ME475-01,목,9:00,10:15
ME375-01,월,9:00,10:15
ME375-01,수,9:00,10:15
ME301-01,화,10:30,11:45
ME301-01,목,10:30,11:45
ME301-02,화,10:30,11:45
ME301-02,목,10:30,11:45
ME380-01,화,16:30,17:45
ME380-01,목,16:30,17:45
ME380-02,화,16:30,17:45
ME380-02,목,16:30,17:45
ME305-01,월,10:30,11:45
ME305-01,수,10:30,11:45
ME305-02,월,9:00,10:15
ME305-02,수,9:00,10:15
ME315-01,토,12:00,13:50
ME431-01,월,13:30,14:45
ME431-01,수,13:30,14:45
ME331-01,월,15:00,16:15
ME331-01,수,15:00,16:15
ME331-02,화,13:30,14:45
ME331-02,목,13:30,14:45
ME331-03,화,13:30,14:45
ME331-03,목,13:30,14:45
ME331-04,월,15:00,16:15
ME331-04,수,15:00,16:15
ME435-01,월,16:30,17:45
ME435-01,수,16:30,17:45
ME335-01,화,15:00,16:15
ME335-01,목,15:00,16:15
ME335-02,화,15:00,16:15
ME335-02,목,15:00,16:15
ME252-01,화,16:30,17:45
ME252-01,목,16:30,17:45
ME252-02,화,15:00,16:15
ME252-02,목,15:00,16:15
ME351-01,화,9:00,10:15
ME351-01,목,9:00,10:15
ME351-02,화,9:00,10:15
ME351-02,목,9:00,10:15
ME275-01,화,15:00,16:15
ME275-01,목,15:00,16:15
ME275-02,화,16:30,17:45
ME275-02,목,16:30,17:45
ME477-01,금,10:30,13:15
ME202-01,월,10:30,11:45
ME202-01,수,10:30,11:45
ME202-02,화,10:30,11:45
ME202-02,목,10:30,11:45
ME202-03,월,10:30,11:45
ME202-03,수,10:30,11:45
ME202-04,화,10:30,11:45
ME202-04,목,10:30,11:45
ME205-01,화,12:00,13:15
ME205-01,목,12:00,13:15
ME205-02,화,12:00,13:15
ME205-02,목,12:00,13:15
ME205-03,월,9:00,10:15
ME205-03,수,9:00,10:15
CE377-01,월,13:30,14:45
CE377-01,수,13:30,14:45
CE377-02,월,15:00,16:15
CE377-02,수,15:00,16:15
CE275-01,월,9:00,10:15
CE275-01,수,9:00,10:15
CE275-02,월,10:30,11:45
CE275-02,수,10:30,11:45
CE400-00,토,11:00,12:00
CE378-01,화,9:00,10:15
CE378-01,목,9:00,10:15
CE378-02,화,10:30,11:45
CE378-02,목,10:30,11:45
CE351-01,화,9:00,10:15
CE351-01,목,9:00,10:15
CE351-02,화,10:30,11:45
CE351-02,목,10:30,11:45
CE474-00,화,13:30,14:45
CE474-00,목,13:30,14:45
CE475-00,금,15:00,16:15
CE475-00,금,16:30,17:45
CE476-00,월,10:30,11:50
CE476-00,수,10:30,11:50
CE485-01,화,16:30,19:15
CE485-02,화,16:30,19:15
CE485-03,화,16:30,19:15
CE473-00,화,10:30,11:45
CE473-00,목,10:30,11:45
CE273-00,화,15:00,16:50
CE273-00,목,15:00,16:50
CE301-01,토,9:00,10:50
CE375-01,월,16:30,18:20
CE375-01,수,16:30,18:20
CE379-00,화,13:00,14:45
CE379-00,목,13:00,14:45
CE277-01,월,13:30,15:20
CE277-01,수,13:30,15:20
CE277-02,월,16:00,17:50
CE277-02,수,16:00,17:50
CE251-01,금,13:30,15:20
CE251-01,금,15:30,17:20
CE472-01,월,15:00,16:15
CE472-01,수,15:00,16:15
CE202-01,월,9:00,10:15
CE202-01,수,9:00,10:15
CE202-02,월,10:30,11:45
CE202-02,수,10:30,11:45
CE100-00,월,10:30,11:45
CE100-00,수,10:30,11:45
CHE332-01,월,15:00,16:15
CHE332-01,수,15:00,16:15
CHE332-02,화,13:30,14:45
CHE332-02,목,13:30,14:45
CHE433-00,토,9:00,9:50
CHE232-01,월,16:30,21:20
CHE232-02,화,16:30,21:20
CHE232-03,수,16:30,21:20
CHE232-04,목,16:30,21:20
CHE232-05,금,10:30,15:20
CHE331-01,화,9:00,10:15
CHE331-01,목,9:00,10:15
CHE331-02,화,10:30,11:45
CHE331-02,목,10:30,11:45
CHE431-01,월,16:30,21:20
CHE431-02,화,16:30,21:20
CHE431-03,수,16:30,21:20
CHE431-04,목,16:30,21:20
CHE431-05,금,15:00,19:50
CHE355-00,화,16:30,17:45
CHE355-00,목,16:30,17:45
CHE453-00,금,9:00,11:45
CHE453-01,금,13:30,16:15
CHE257-01,화,10:30,11:45
CHE257-01,목,10:30,11:45
CHE257-02,화,12:00,13:15
CHE257-02,목,12:00,13:15
CHE477-00,화,12:00,13:15
CHE477-00,목,12:00,13:15
CHE252-01,월,9:00,10:15
CHE252-01,수,9:00,10:15
CHE252-02,화,13:30,14:45
CHE252-02,목,13:30,14:45
CHE351-01,월,13:30,14:45
CHE351-01,수,13:30,14:45
CHE351-02,화,12:00,13:15
CHE351-02,목,12:00,13:15
CHE452-00,월,9:00,10:15
CHE452-00,수,9:00,10:15
CHE353-01,월,16:30,17:45
CHE353-01,수,16:30,17:45
CHE353-02,월,16:30,17:45
CHE353-02,수,16:30,17:45
CHE251-01,월,10:30,11:45
CHE251-01,수,10:30,11:45
CHE251-02,월,15:00,16:15
CHE251-02,수,15:00,16:15
CHE363-00,화,15:00,16:15
CHE363-00,목,15:00,16:15
CHE456-00,화,10:30,11:45
CHE456-00,목,10:30,11:45
CHE231-01,월,9:00,10:15
CHE231-01,수,9:00,10:15
CHE231-02,화,15:00,16:15
CHE231-02,목,15:00,16:15
CHE354-00,월,10:30,13:15
CHE354-00,수,10:30,13:15
CHE132-01,월,13:30,14:45
CHE132-01,수,13:30,14:45
CHE132-02,화,12:00,13:15
CHE132-02,목,12:00,13:15
AR271-00,수,16:30,19:15
AR491-00,월,10:30,11:45
AR491-00,목,10:30,11:45
AR211-01,화,10:30,14:45
AR211-01,금,10:30,14:45
AR211-02,화,10:30,14:45
AR211-02,금,10:30,14:45
AR211-03,화,10:30,14:45
AR211-03,금,10:30,14:45
AR211-04,화,10:30,14:45
AR211-04,금,10:30,14:45
AR211-05,화,10:30,14:45
AR211-05,금,10:30,14:45
AR311-01,월,10:30,14:45
AR311-01,목,10:30,14:45
AR311-02,월,10:30,14:45
AR311-02,목,10:30,14:45
AR311-03,월,10:30,14:45
AR311-03,목,10:30,14:45
AR311-04,월,10:30,14:45
AR311-04,목,10:30,14:45
AR411-01,월,15:00,19:15
AR411-01,목,15:00,19:15
AR411-02,월,15:00,19:15
AR411-02,목,15:00,19:15
AR411-03,월,15:00,19:15
AR411-03,목,15:00,19:15
AR411-04,월,15:00,19:15
AR411-04,목,15:00,19:15
AR511-01,화,15:00,19:15
AR511-01,금,15:00,19:15
AR511-02,화,15:00,19:15
AR511-02,금,15:00,19:15
AR511-03,화,15:00,19:15
AR511-03,금,15:00,19:15
AR511-04,화,15:00,19:15
AR511-04,금,15:00,19:15
AR371-00,화,16:30,19:15
AR431-01,수,16:30,19:15
AR431-02,수,16:30,19:15
AR251-00,월,13:30,14:45
AR251-00,목,13:30,14:45
AR501-00,토,9:00,9:50
AR455-00,화,16:30,19:15
AR351-00,화,15:00,16:15
AR351-00,목,15:00,16:15
AR353-00,월,15:00,16:15
AR353-00,수,15:00,16:15
AR352-00,월,16:30,19:15
AR302-00,토,13:30,16:20
AR452-00,금,15:00,17:45
AR161-01,금,10:30,13:15
AR161-02,금,10:30,13:15
AR151-00,화,15:00,16:15
AR151-00,목,15:00,16:15
AR111-01,수,13:30,17:45
AR111-02,수,13:30,17:45
AR111-03,수,13:30,17:45
AR111-04,수,13:30,17:45
AR111-05,수,13:30,17:45
AR112-01,금,15:00,19:15
AR112-02,금,15:00,19:15
AR112-03,금,15:00,19:15
AR112-04,금,15:00,19:15
IE301-00,월,10:30,11:45
IE301-00,수,10:30,11:45
IE301-01,월,12:00,13:15
IE301-01,수,12:00,13:15
IE400-00,토,15:00,16:15
IE423-01,화,13:30,14:45
IE423-01,목,13:30,14:45
IE423-03,화,15:00,16:15
IE423-03,목,15:00,16:15
IE410-00,화,9:00,10:15
IE410-00,목,9:00,10:15
IE315-00,화,10:30,11:45
IE315-00,목,10:30,11:45
IE315-01,화,13:30,14:45
IE315-01,목,13:30,14:45
IE324-01,목,16:30,19:15
IE201-00,화,12:00,13:15
IE201-00,목,12:00,13:15
IE414-00,월,12:00,13:15
IE414-00,수,12:00,13:15
IE415-00,월,15:00,16:15
IE415-00,수,15:00,16:15
IE306-00,월,13:30,14:45
IE306-00,금,13:30,14:45
IE306-01,월,15:00,16:15
IE306-01,금,15:00,16:15
IE103-00,화,13:30,14:45
IE103-00,목,13:30,14:45
IE419-00,화,10:30,11:45
IE419-00,목,10:30,11:45
IE411-00,토,13:30,14:45
IE308-00,월,16:30,17:45
IE308-00,수,16:30,17:45
IE214-00,화,15:00,16:15
IE214-00,목,15:00,16:15
IE407-00,화,12:00,13:15
IE407-00,목,12:00,13:15
IE203-00,월,16:30,17:45
IE203-00,수,16:30,17:45
IE203-01,화,9:00,10:15
IE203-01,목,9:00,10:15
IE207-00,월,10:30,11:45
IE207-00,수,10:30,11:45
IE207-01,월,13:30,14:45
IE207-01,수,13:30,14:45
AMIE251-00,수,10:30,11:45
AMIE251-00,금,10:30,11:45
AMIE396-01,월,10:30,11:45
AMIE396-01,수,10:30,11:45
AMIE396-01,수,15:00,16:50
AMIE396-02,월,10:30,11:45
AMIE396-02,수,10:30,11:45
AMIE396-02,금,9:00,10:50
AMIE396-03,금,12:00,13:50
AMIE396-03,월,10:30,11:45
AMIE396-03,수,10:30,11:45
AMIE396-04,금,15:00,16:50
AMIE396-04,월,10:30,11:45
AMIE396-04,수,10:30,11:45
AMIE261-00,화,10:30,11:45
AMIE261-00,목,10:30,11:45
AMIE220-01,월,15:00,16:15
AMIE220-01,수,15:00,16:15
AMIE220-02,월,16:30,17:45
AMIE220-02,수,16:30,17:45
AMIE400-00,토,10:30,11:20
AMIE394-01,화,13:30,15:20
AMIE394-01,목,13:00,15:00
AMIE394-02,화,15:30,17:20
AMIE394-02,목,13:00,15:00
AMIE394-03,목,13:00,15:00
AMIE394-03,금,12:00,13:50
AMIE394-04,목,13:00,15:00
AMIE394-04,금,15:00,16:50
AMIE352-00,화,9:00,10:15
AMIE352-00,목,9:00,10:15
AMIE461-00,월,12:00,13:15
AMIE461-00,수,12:00,13:15
AMIE361-00,월,10:30,11:45
AMIE361-00,수,10:30,11:45
AMIE471-00,화,15:00,16:15
AMIE471-00,목,15:00,16:15
AMIE321-00,월,9:00,10:15
AMIE321-00,수,9:00,10:15
AMIE331-01,월,12:00,13:15
AMIE331-01,수,12:00,13:15
AMIE331-02,월,13:30,14:45
AMIE331-02,수,13:30,14:45
AMIE441-00,화,13:30,14:45
AMIE441-00,목,13:30,14:45
AMIE271-00,월,13:30,14:45
AMIE271-00,수,13:30,14:45
AMIE371-00,화,10:30,11:45
AMIE371-00,목,10:30,11:45
AMIE431-00,화,9:00,10:15
AMIE431-00,목,9:00,10:15
AMIE475-00,월,16:30,19:15
AMIE202-01,월,12:00,13:15
AMIE202-01,수,12:00,13:15
AMIE202-02,화,9:00,10:15
AMIE202-02,목,9:00,10:15
AMIE201-00,화,13:30,14:45
AMIE201-00,목,13:30,14:45
NE441-00,월,9:00,10:15
NE441-00,수,9:00,10:15
NE351-00,화,16:30,19:15
NE359-00,월,13:30,14:45
NE359-00,수,13:30,14:45
NE311-00,월,10:30,11:45
NE311-00,수,10:30,11:45
NE201-00,월,9:00,10:15
NE201-00,수,9:00,10:15
NE402-00,토,9:00,9:50
NE203-00,화,15:00,16:15
NE203-00,목,15:00,16:15
NE354-00,화,9:00,10:15
NE354-00,목,9:00,10:15
NE412-00,화,10:30,11:45
NE412-00,목,10:30,11:45
NE413-00,수,10:30,13:15
NE303-00,토,10:00,11:50
NE221-00,화,13:30,14:45
NE221-00,목,13:30,14:45
NE321-00,월,9:00,10:15
NE321-00,수,9:00,10:15
NE361-00,화,12:00,13:15
NE361-00,목,12:00,13:15
NE443-00,월,13:30,17:20
NE202-00,수,13:30,15:20
NE202-00,금,13:30,15:20
NE202-01,수,15:30,17:20
NE202-01,금,15:30,17:20
NE205-00,화,9:00,10:15
NE205-00,목,9:00,10:15
NE103-00,월,13:30,14:45
NE103-00,수,13:30,14:45
EE212-00,금,9:30,13:20
EE207-00,월,9:00,12:50
EE207-01,수,9:00,12:50
EE207-02,화,13:30,17:20
EE207-03,목,13:30,17:20
EE209-00,화,13:30,14:45
EE209-00,목,13:30,14:45
EE209-01,화,9:00,10:15
EE209-01,목,9:00,10:15
EE209-02,화,13:30,14:45
EE209-02,목,13:30,14:45
EE209-03,화,16:30,17:45
EE209-03,목,16:30,17:45
EE209-04,화,16:30,17:45
EE209-04,목,16:30,17:45
EE209-05,화,16:30,17:45
EE209-05,목,16:30,17:45
EE203-00,수,13:30,14:45
EE203-00,금,13:30,14:45
EE203-01,수,13:30,14:45
EE203-01,금,13:30,14:45
EE210-00,화,12:00,13:15
EE210-00,목,12:00,13:15
EE210-01,월,12:00,13:15
EE210-01,수,12:00,13:15
EE210-02,화,15:00,16:15
EE210-02,목,15:00,16:15
EE210-03,화,15:00,16:15
EE210-03,목,15:00,16:15
EE201-00,월,9:00,10:15
EE201-00,수,9:00,10:15
EE201-01,월,9:00,10:15
EE201-01,수,9:00,10:15
EE201-02,월,9:00,10:15
EE201-02,수,9:00,10:15
EE201-03,화,9:00,10:15
EE201-03,목,9:00,10:15
EE201-04,화,9:00,10:15
EE201-04,목,9:00,10:15
EE206-00,월,9:00,10:15
EE206-00,수,9:00,10:15
EE206-01,월,9:00,10:15
EE206-01,수,9:00,10:15
EE206-02,화,9:00,10:15
EE206-02,목,9:00,10:15
EE206-03,화,9:00,10:15
EE206-03,목,9:00,10:15
EE486-00,화,18:00,21:50
EE202-00,월,10:30,11:45
EE202-00,수,10:30,11:45
EE202-01,월,10:30,11:45
EE202-01,수,10:30,11:45
EE202-02,월,10:30,11:45
EE202-02,수,10:30,11:45
EE202-03,화,12:00,13:15
EE202-03,목,12:00,13:15
EE202-04,화,12:00,13:15
EE202-04,목,12:00,13:15
EE202-05,화,12:00,13:15
EE202-05,목,12:00,13:15
EE343-00,수,9:00,12:50
EE463-00,화,15:00,16:15
EE463-00,목,15:00,16:15
EE421-00,월,10:30,11:45
EE421-00,수,10:30,11:45
EE342-00,화,10:30,11:45
EE342-00,목,10:30,11:45
EE342-01,화,10:30,11:45
EE342-01,목,10:30,11:45
EE341-00,화,12:00,13:15
EE341-00,목,12:00,13:15
EE341-01,화,12:00,13:15
EE341-01,목,12:00,13:15
EE341-02,화,16:30,17:45
EE341-02,목,16:30,17:45
EE361-00,월,10:30,11:45
EE361-00,수,10:30,11:45
EE361-01,금,10:30,11:45
EE361-01,금,12:00,13:15
EE362-00,화,13:30,17:20
EE362-01,수,13:30,17:20
EE364-00,화,15:00,16:15
EE364-00,목,15:00,16:15
EE443-00,월,16:30,17:45
EE443-00,수,16:30,17:45
EE321-00,월,12:00,13:15
EE321-00,수,12:00,13:15
EE321-01,월,12:00,13:15
EE321-01,수,12:00,13:15
EE321-02,수,16:30,17:45
EE321-02,금,16:30,17:45
EE496-00,화,10:30,11:45
EE496-00,목,10:30,11:45
EE370-01,수,9:00,12:50
EE422-00,화,13:30,14:45
EE422-00,목,13:30,14:45
EE444-00,화,12:00,13:15
EE444-00,목,12:00,13:15
EE442-00,화,16:30,17:45
EE442-00,목,16:30,17:45
EE363-00,수,13:30,14:45
EE363-00,금,13:30,14:45
EE324-00,목,13:30,17:20
EE213-00,월,16:30,18:20
EE213-00,수,16:30,18:20
EE213-01,월,16:30,18:20
EE213-01,수,16:30,18:20
EE211-00,월,15:00,16:15
EE211-00,수,15:00,16:15
EE211-01,월,15:00,16:15
EE211-01,수,15:00,16:15
EE211-02,월,15:00,16:15
EE211-02,수,15:00,16:15
EE211-03,화,10:30,11:45
EE211-03,목,10:30,11:45
EE211-04,화,10:30,11:45
EE211-04,목,10:30,11:45
EE211-05,화,10:30,11:45
EE211-05,목,10:30,11:45
BME316-00,월,10:30,11:45
BME316-00,수,10:30,11:45
BME211-00,화,12:00,13:15
BME211-00,목,12:00,13:15
BME203-00,월,9:00,10:15
BME203-00,수,9:00,10:15
BME411-00,토,-,-
BME412-02,월,22:00,23:15
BME412-02,수,22:00,23:15
BME412-03,월,22:00,23:15
BME412-03,수,22:00,23:15
BME412-04,화,22:00,23:15
BME412-04,목,22:00,23:15
BME412-05,화,22:00,23:15
BME412-05,목,22:00,23:15
BME412-06,화,22:00,23:15
BME412-06,목,22:00,23:15
BME412-07,화,22:00,23:15
BME412-07,목,22:00,23:15
BME415-00,월,15:00,16:15
BME415-00,수,15:00,16:15
BME409-00,화,16:30,17:45
BME409-00,목,16:30,17:45
BME406-00,화,10:30,11:45
BME406-00,목,10:30,11:45
BME303-00,화,10:30,11:45
BME303-00,목,10:30,11:45
BME304-00,금,9:00,12:50
BME304-01,금,13:30,17:20
BME416-00,화,15:00,16:15
BME416-00,목,15:00,16:15
BME403-00,화,13:30,14:45
BME403-00,목,13:30,14:45
BME305-00,화,9:00,10:15
BME305-00,목,9:00,10:15
BME204-00,화,16:30,17:45
BME204-00,목,16:30,17:45
BME213-00,월,13:30,14:45
BME213-00,수,13:30,14:45
BME213-01,월,15:00,16:15
BME213-01,수,15:00,16:15
BIO104-00,화,16:30,17:45
BIO104-00,목,16:30,17:45
PAM330-00,목,15:00,19:15
PAM401-00,토,9:00,-
PAM332-00,수,15:00,18:50
PAM329-00,월,10:30,11:45
PAM329-00,수,10:30,11:45
PAM215-00,월,15:00,16:15
PAM215-00,수,15:00,16:15
PAM207-00,월,13:30,14:45
PAM207-00,수,13:30,14:45
PAM311-00,금,13:30,19:20
PAM408-00,화,13:30,14:45
PAM408-00,목,13:30,14:45
PAM411-00,화,15:00,17:45
PAM208-00,화,10:30,11:45
PAM208-00,목,10:30,11:45
PAM320-00,토,16:30,18:20
HBT301-00,월,9:00,12:50
HBT302-00,화,9:00,10:15
HBT302-00,목,9:00,10:15
HBT401-00,토,9:00,10:00
HBT209-00,화,10:30,11:45
HBT209-00,목,10:30,11:45
HBT202-00,화,15:00,16:15
HBT202-00,목,15:00,16:15
HBT206-00,화,13:30,14:45
HBT206-00,목,13:30,14:45
HBT310-00,금,16:30,18:20
HBT325-00,월,15:00,17:50
HBT314-00,금,13:30,16:15
HBT406-00,금,9:00,11:45
HBT408-00,화,12:00,13:15
HBT408-00,목,12:00,13:15
HBT329-00,수,16:30,17:45
HBT329-00,금,16:30,17:45
EDU3186-G00,월,18:00,19:15
EDU3186-G00,수,18:00,19:15
FSB231-00,월,10:30,11:45
FSB231-00,수,10:30,11:45
FSB381-00,화,15:00,17:45
FSB391-00,화,12:00,13:15
FSB391-00,목,12:00,13:15
FSB401-00,토,9:00,10:00
FSB361-00,월,9:00,10:15
FSB361-00,수,9:00,10:15
FSB351-02,월,15:00,16:15
FSB351-02,수,15:00,16:15
FSB351-02,금,10:30,11:45
FSB394-00,월,10:30,11:45
FSB394-00,수,10:30,11:45
FSB271-00,화,13:30,14:45
FSB271-00,목,13:30,14:45
FSB241-00,월,15:00,16:50
FSB241-00,금,10:30,12:20
FSB241-01,월,15:00,16:50
FSB241-01,금,15:00,16:50
FSB441-00,월,13:30,14:45
FSB441-00,수,13:30,14:45
FSB402-00,금,10:30,13:15
FSB383-00,화,16:30,17:45
FSB383-00,목,16:30,17:45
FSB471-00,화,10:30,11:45
FSB471-00,목,10:30,11:45
FSB281-00,월,13:30,14:45
FSB281-00,수,13:30,14:45
FSB304-00,금,16:30,18:20
FD101-00,수,9:00,12:50
FD101-01,화,9:00,12:50
FD101-02,목,13:30,17:20
FD101-03,수,13:30,17:20
FD101-04,화,9:00,12:50
FD101-05,목,9:00,12:50
FD105-00,금,9:00,12:50
FD105-01,월,9:00,12:50
FD105-02,화,13:30,17:20
FD105-03,수,9:00,12:50
FD110-00,화,16:30,17:45
FD110-00,목,16:30,17:45
FD110-01,화,10:30,11:45
FD110-01,목,10:30,11:45
FD110-02,화,12:00,13:15
FD110-02,목,12:00,13:15
FD111-00,화,13:30,17:20
FD111-01,화,13:30,17:20
FD111-02,목,9:00,12:50
FD111-03,월,13:30,17:20
FD111-04,화,13:30,17:20
FD103-00,금,13:30,17:20
FD103-01,월,9:00,12:50
FD103-02,화,9:00,12:50
FD103-03,화,9:00,12:50
FD109-00,화,13:30,14:45
FD109-00,목,13:30,14:45
FD109-01,화,15:00,16:15
FD109-01,목,15:00,16:15
CA2018-00,월,13:30,17:20
CA3017-00,금,9:00,12:50
CA4001-00,월,9:00,12:50
CA4001-01,월,13:30,17:20
CA4002-00,목,9:00,12:50
CA4002-01,목,13:30,17:20
CA3024-00,금,13:30,17:20
CA2012-00,수,9:00,11:45
CA3022-00,화,13:30,17:20
CA2019-00,목,9:00,12:50
CA2006-00,화,9:00,12:50
CA3018-00,월,13:30,17:20
CA3011-00,수,13:30,17:20
CA4011-00,수,13:30,16:15
CA2004-00,월,9:00,12:50
CA1008-00,금,9:00,11:45
CA1007-00,월,9:00,12:50
CA1007-01,화,9:00,12:50
CA1006-00,목,9:00,12:50
CA1006-01,목,13:30,17:20
PM2015-00,목,16:30,19:15
PM3016-00,수,13:30,16:15
PM3016-01,화,16:00,18:45
PM2018-00,목,10:00,12:45
PM2018-01,목,13:30,16:15
PM4015-00,목,-,-
PM3027-00,금,16:00,18:45
PM3027-01,목,10:00,12:45
PM4021-00,화,17:30,21:20
PM4005-00,월,9:30,12:15
PM1005-00,화,13:30,17:20
PM1018-00,월,13:30,17:20
PM3029-00,월,13:30,17:20
PM4020-00,수,13:30,17:20
PM2026-00,월,14:30,18:20
PM1003-00,목,17:30,21:20
PM1003-01,수,13:30,17:20
PM4028-00,목,13:30,16:15
PM2019-00,월,13:30,17:20
PM2019-01,화,13:30,17:20
PM3024-00,수,9:30,13:20
PM1019-00,목,13:00,13:50
PM1019-01,월,9:00,9:50
PM1019-02,수,16:30,19:00
PM1019-03,금,11:00,11:50
PM1019-04,월,10:00,10:50
PM1019-05,월,17:30,18:20
PM1019-06,수,17:30,18:20
PM1019-07,목,15:00,15:50
PM1019-08,월,10:00,10:50
PM1019-09,화,16:40,17:30
PM1019-11,목,21:30,22:20
PM1019-12,금,11:00,11:50
PM1019-13,화,10:00,10:50
PM1019-14,금,12:00,12:50
PM1019-15,목,10:00,10:50
PM1019-18,목,13:30,14:20
PM2023-00,목,15:00,15:50
PM2023-01,월,11:00,11:50
PM2023-02,금,18:00,19:40
PM2023-03,금,14:00,14:50
PM2023-05,월,18:30,19:20
PM2023-07,월,17:30,18:20
PM2023-09,화,17:30,18:20
PM2023-10,화,10:00,10:50
PM2023-11,목,22:30,23:20
PM2023-12,금,14:00,14:50
PM2023-13,화,11:00,11:50
PM2023-14,금,13:00,13:50
PM2023-15,목,12:00,12:50
PM2023-16,목,13:30,14:20
PM2023-18,목,14:10,15:00
PM3022-01,화,12:00,12:50
PM3022-02,수,14:00,14:50
PM3022-03,수,13:00,13:50
PM3022-04,월,12:00,12:50
PM3022-07,월,18:30,19:20
PM3022-10,화,11:00,11:50
PM3022-12,화,11:30,12:20
PM3022-13,금,16:00,16:50
PM3022-14,화,12:00,12:50
PM3022-15,화,13:30,14:20
PM3022-16,금,14:00,14:50
PM3022-17,화,12:00,12:50
PM3022-18,목,15:00,15:50
PM3022-19,목,14:00,14:50
PM4025-00,목,12:00,12:50
PM4025-01,화,14:00,14:50
PM4025-02,수,16:00,16:50
PM4025-03,수,16:00,16:50
PM4025-04,월,13:00,13:50
PM4025-05,월,19:30,20:20
PM4025-06,수,18:30,19:20
PM4025-07,월,19:30,20:20
PM4025-08,월,12:00,12:50
PM4025-10,화,12:00,12:50
PM4025-12,화,12:30,13:20
PM4025-13,금,18:00,18:50
PM4025-14,화,14:00,14:50
PM4025-15,화,14:30,15:20
PM4025-19,목,16:00,16:50
PM3018-00,수,17:30,21:20
PM1016-00,금,13:00,16:50
PM1016-01,화,9:30,13:20
PM1012-00,수,13:30,16:15
PM1012-01,목,10:00,12:45
PM1014-00,월,9:30,13:20
PM1014-01,수,9:30,13:20
FT4077-00,수,9:30,11:20
FT4077-00,수,11:30,13:20
FT1071-00,수,15:30,17:20
FT2066-00,월,15:00,16:50
FT2011-00,화,13:30,17:20
FT4075-00,목,18:00,21:50
FT4071-00,금,-,-
FT4057-00,목,13:30,16:20
FT3081-00,목,13:30,17:20
FT3074-00,수,15:00,17:50
FT3082-00,화,9:30,11:20
FT3082-00,화,11:30,13:20
FT2068-00,목,9:30,13:20
FT3076-00,수,9:30,13:20
FT2023-00,금,9:00,12:50
FT3075-00,화,13:30,17:20
FT3041-00,금,17:30,21:20
FT3043-00,금,13:30,17:20
FT3039-00,수,13:30,17:20
FT4072-00,금,9:30,11:20
FT4072-00,금,11:30,13:20
FT2069-00,화,13:30,17:20
FT2069-00,화,10:30,12:20
FT2075-00,수,12:00,16:50
FT3077-00,월,13:30,15:20
FT3077-00,월,15:30,17:20
FT2070-00,월,9:30,11:20
FT2070-00,월,11:30,13:20
FT2076-00,월,13:30,17:20
FT4074-00,목,13:30,17:20
FT3047-00,화,13:30,17:20
FT3035-00,월,13:30,17:20
FT1073-00,금,15:30,17:20
FT1073-00,금,13:30,15:20
FT1003-00,금,13:30,17:20
FT1001-00,화,9:00,12:50
FT1076-00,월,13:30,17:20
FT1076-00,수,13:30,15:20
FT1075-00,목,13:30,17:20
EDU3342-G00,금,18:00,20:25
EDU3166-G00,화,18:00,20:25
ID2013-00,목,9:00,12:50
ID2013-01,화,13:30,17:20
ID3015-00,수,13:30,17:20
ID3014-00,화,9:00,12:50
ID2003-00,수,9:00,12:50
ID2003-01,수,13:30,17:20
ID2001-00,월,9:00,11:45
ID3013-00,목,13:30,17:20
ID3012-00,금,9:00,12:50
ID2019-00,금,13:30,17:20
ID2018-00,목,13:30,17:20
ID3016-00,월,13:30,17:20
ID4019-00,목,13:00,14:20
ID4019-00,목,14:30,15:50
ID4019-01,화,17:30,18:50
ID4019-01,화,19:00,20:20
ID4015-00,수,9:00,12:50
ID4015-01,수,13:30,17:20
ID2011-00,화,9:00,12:50
ID4017-00,금,9:00,12:50
ID4014-00,월,9:00,12:50
ID4014-01,월,13:30,17:20
ID4016-00,목,9:00,12:50
FD112-00,화,9:00,11:45
LA312-00,목,13:30,17:20
LA312-01,목,13:30,17:20
LA420-00,금,-,-
LA425-00,목,13:30,16:15
LA326-00,화,13:30,16:15
LA422-00,수,9:00,11:45
LA204-00,화,9:00,11:45
LA314-00,수,9:00,11:45
LA315-00,월,9:00,11:45
LA205-00,월,13:30,16:15
LA316-00,금,13:30,16:15
LA207-00,수,13:30,17:20
LA207-01,수,13:30,17:20
LA209-00,월,9:00,11:45
LA210-00,목,9:00,12:50
LA210-01,금,9:00,12:50
LA319-00,금,9:00,11:45
EDU3184-G01,수,13:30,16:15
TC202-00,목,10:30,14:20
TC202-01,목,15:00,18:50
TC313-00,월,9:00,10:50
TC313-00,월,11:00,12:50
TC313-01,화,9:00,10:50
TC313-01,화,11:00,12:50
TC205-00,화,10:30,14:20
TC324-00,목,15:00,17:45
TC208-00,월,14:00,17:50
TC427-00,화,10:00,13:50
TC316-00,수,10:30,14:20
TC317-00,목,10:00,13:50
TC209-00,수,14:00,17:50
TC430-00,목,10:30,14:20
TC318-00,수,15:00,19:00
TC319-00,화,14:30,18:20
TC211-00,화,15:00,18:50
TC321-00,월,14:00,17:50
TC433-00,수,9:30,13:20
TC433-01,수,14:30,18:20
TC434-00,금,10:30,13:15
EDU3343-G00,금,14:00,16:45
EDU3110-G00,금,17:00,19:45
DC305-00,화,13:30,17:20
DC201-00,수,13:30,17:20
DC201-01,목,9:00,12:50
DC301-00,목,13:30,17:20
DC303-00,수,13:30,17:20
DC332-00,수,9:00,12:50
DC404-00,수,9:00,12:50
DC304-00,월,13:30,17:20
DC302-00,월,9:00,12:50
DC402-00,화,13:30,17:20
DC202-00,월,9:00,12:50
DC207-00,금,9:00,12:50
DC205-00,수,9:00,12:50
DC401-00,수,13:30,17:20
DC403-00,금,13:30,17:20
DC213-00,화,9:00,12:50
DC204-00,화,13:30,17:20
DC216-00,월,13:30,17:20
VID3009-00,수,13:30,16:25
VID3009-01,목,13:30,16:25
VID2008-00,목,10:00,12:45
VID2008-01,목,13:30,16:25
VID2011-00,화,13:30,17:20
VID2019-00,화,9:00,12:50
VID3001-00,수,9:00,12:50
VID3003-00,화,13:30,17:20
VID4018-00,월,13:30,17:20
VID4018-01,수,13:30,17:20
VID2002-00,수,9:00,12:50
VID2003-00,수,13:30,17:20
VID4025-00,화,13:30,17:20
VID2018-00,금,11:30,12:50
VID2018-00,금,10:00,11:20
VID3020-00,목,9:00,10:50
VID3020-00,목,11:00,12:50
VID3011-00,금,13:30,17:20
VID3028-00,월,13:30,17:20
VID4023-00,월,9:00,12:50
VID4020-00,금,9:00,12:50
VID2007-00,월,9:00,12:50
VID2007-01,월,13:30,17:20
VID3015-00,월,9:00,12:50
VID4022-00,화,9:00,12:50
VID4022-01,목,13:30,17:20
FD111-05,화,13:30,17:20
CPE201-01,화,13:00,14:50
CPE201-01,목,13:00,14:50
CPE201-02,화,13:00,14:50
CPE201-02,목,13:00,14:50
CPE201-03,화,13:00,14:50
CPE201-03,목,13:00,14:50
CPE201-04,화,13:00,14:50
CPE201-04,목,13:00,14:50
CPE201-05,화,13:00,14:50
CPE201-05,목,13:00,14:50
CPE201-06,화,13:00,14:50
CPE201-06,목,13:00,14:50
CPE201-07,화,13:00,14:50
CPE201-07,목,13:00,14:50
CPE201-08,화,13:00,14:50
CPE201-08,목,13:00,14:50
CPE201-09,화,13:00,14:50
CPE201-09,목,13:00,14:50
CPE201-10,화,13:00,14:50
CPE201-10,목,13:00,14:50
CPE201-11,화,13:00,14:50
CPE201-11,목,13:00,14:50
CPE201-12,화,13:00,14:50
CPE201-12,목,13:00,14:50
CPE201-13,화,13:00,14:50
CPE201-13,목,13:00,14:50
CPE201-14,화,13:00,14:50
CPE201-14,목,13:00,14:50
CPE201-15,화,13:00,14:50
CPE201-15,목,13:00,14:50
CPE201-16,화,13:00,14:50
CPE201-16,목,13:00,14:50
CPE301-01,화,13:00,14:50
CPE301-01,목,13:00,14:50
CPE301-02,화,13:00,14:50
CPE301-02,목,13:00,14:50
CPE301-03,화,13:00,14:50
CPE301-03,목,13:00,14:50
CPE301-04,화,13:00,14:50
CPE301-04,목,13:00,14:50
CPE301-05,화,13:00,14:50
CPE301-05,목,13:00,14:50
CPE301-06,화,13:00,14:50
CPE301-06,목,13:00,14:50
CPE301-07,화,13:00,14:50
CPE301-07,목,13:00,14:50
CPE301-08,화,13:00,14:50
CPE301-08,목,13:00,14:50
CPE301-09,화,13:00,14:50
CPE301-09,목,13:00,14:50
CPE301-10,화,13:00,14:50
CPE301-10,목,13:00,14:50
CPE301-11,화,13:00,14:50
CPE301-11,목,13:00,14:50
CPE301-12,화,13:00,14:50
CPE301-12,목,13:00,14:50
CPE301-13,화,13:00,14:50
CPE301-13,목,13:00,14:50
CPE301-14,화,13:00,14:50
CPE301-14,목,13:00,14:50
CPE301-15,화,13:00,14:50
CPE301-15,목,13:00,14:50
CPE301-16,화,13:00,14:50
CPE301-16,목,13:00,14:50
CPE401-01,화,13:00,14:50
CPE401-01,목,13:00,14:50
CPE401-02,화,13:00,14:50
CPE401-02,목,13:00,14:50
CPE401-03,화,13:00,14:50
CPE401-03,목,13:00,14:50
CPE401-04,화,13:00,14:50
CPE401-04,목,13:00,14:50
CPE401-05,화,13:00,14:50
CPE401-05,목,13:00,14:50
CPE401-06,화,13:00,14:50
CPE401-06,목,13:00,14:50
CPE401-07,화,13:00,14:50
CPE401-07,목,13:00,14:50
CPE401-08,화,13:00,14:50
CPE401-08,목,13:00,14:50
CPE401-09,화,13:00,14:50
CPE401-09,목,13:00,14:50
CPE401-10,화,13:00,14:50
CPE401-10,목,13:00,14:50
CPE401-11,화,13:00,14:50
CPE401-11,목,13:00,14:50
CPE401-12,화,13:00,14:50
CPE401-12,목,13:00,14:50
CPE401-13,화,13:00,14:50
CPE401-13,목,13:00,14:50
CPE401-14,화,13:00,14:50
CPE401-14,목,13:00,14:50
CPE401-15,화,13:00,14:50
CPE401-15,목,13:00,14:50
CPE401-16,화,13:00,14:50
CPE401-16,목,13:00,14:50
CPE103-00,월,10:30,12:20
CPE103-01,화,10:30,12:20
CPE103-02,수,10:30,12:20
CPE103-03,목,10:30,12:20
CPE101-00,일,13:00,14:50
CPE101-01,일,13:00,14:50
CPE101-02,일,13:00,14:50
CPE101-03,일,13:00,14:50
CPE101-04,일,13:00,14:50
CPE101-05,일,13:00,14:50
CPE101-06,일,13:00,14:50
CPE101-07,일,13:00,14:50
CPE101-08,일,13:00,14:50
CPE101-09,일,13:00,14:50
CPE101-10,일,13:00,14:50
CPE104-01,목,18:00,20:25
CPE104-02,수,18:00,20:25
CPE104-03,화,18:00,20:25
CPE104-04,월,18:00,20:25
CPE104-05,수,9:00,11:45
CPE104-06,금,15:00,17:45
CPE108-00,월,10:00,11:50
CPE108-01,수,10:00,11:50
CPE108-02,월,13:00,14:50
CPE108-03,화,13:00,14:50
CPE108-04,목,13:00,14:50
TK401-01,토,17:00,18:00
TK101-01,화,10:30,11:45
TK101-01,목,10:30,11:45
TK101-02,수,18:00,20:25
TK201-01,화,10:30,12:20
TK201-01,목,10:30,12:20
TK201-02,월,13:00,14:50
TK201-02,수,13:00,14:50
TK301-01,화,13:30,14:45
TK301-01,목,13:30,14:45
TK301-02,월,18:00,20:25
TK314-00,토,15:00,17:45
TK203-01,월,13:30,14:45
TK203-01,수,13:30,14:45
TK203-02,화,9:00,10:15
TK203-02,목,9:00,10:15
TK306-01,화,15:00,16:50
TK306-01,목,15:00,16:50
TK306-02,수,18:00,21:00
TK408-01,금,13:30,16:15
TK211-01,월,10:30,12:20
TK211-01,수,10:30,12:20
TK211-02,화,18:00,21:00
TK307-01,월,15:00,16:15
TK307-01,수,15:00,16:15
TK307-02,화,15:00,16:15
TK307-02,목,15:00,16:15
TK105-00,월,13:00,14:50
TK105-01,수,15:00,16:50
TK308-01,월,10:30,11:45
TK308-01,수,10:30,11:45
TK308-02,화,10:30,11:45
TK308-02,목,10:30,11:45
TK102-01,목,17:00,18:50
TK102-02,목,18:50,20:40
TK204-01,목,17:00,18:50
TK204-02,목,18:50,20:40
TK210-01,월,9:00,10:15
TK210-01,수,9:00,10:15
TK210-02,화,18:00,20:25
TK311-01,목,17:00,18:50
TK311-02,목,18:50,20:40
TK403-01,목,17:00,18:50
TK403-02,목,18:50,20:40
TK310-01,월,15:00,16:50
TK310-02,수,10:30,12:20
TK104-01,수,13:00,14:50
TK207-01,월,10:30,12:20
TK207-02,수,15:00,16:50
PE216-00,화,10:30,11:45
PE216-00,목,10:30,11:45
PE301-01,화,12:00,13:15
PE301-01,목,12:00,13:15
PE400-00,일,9:00,11:50
PE101-00,화,10:30,11:45
PE101-00,목,10:30,11:45
PE203-01,화,10:00,11:50
PE313-00,토,9:00,11:45
PE205-01,화,18:00,19:50
PE302-01,목,10:00,11:50
PE102-01,토,9:00,10:50
PE218-00,월,13:30,16:15
PE306-01,수,15:00,17:45
PE211-01,일,15:00,16:50
PE217-00,수,10:30,13:15
PE107-01,금,9:00,11:45
PE107-02,목,16:30,19:20
PE201-01,화,9:00,10:15
PE201-01,목,9:00,10:15
PE106-01,수,14:00,16:45
PE307-01,화,18:00,20:25
PE403-00,일,16:00,19:15
PE213-01,목,10:00,11:50
PE308-01,화,15:00,16:50
PE105-01,목,13:30,16:20
EDU3345-G00,금,9:00,11:45
EDU3171-G00,화,18:00,20:25
SM208-01,수,10:30,13:15
SM102-00,목,15:00,17:45
SM201-01,화,10:30,11:45
SM201-01,목,10:30,11:45
SM424-00,화,8:00,8:45
SM331-00,금,10:30,12:20
SM333-00,화,9:00,11:45
SM327-00,월,7:00,9:45
SM327-02,월,7:00,9:45
SM327-03,월,7:00,9:45
SM207-00,목,10:30,13:15
SM321-00,월,9:00,10:15
SM321-00,수,9:00,10:15
SM312-00,월,10:30,11:45
SM312-00,수,10:30,11:45
SM426-00,수,15:00,16:50
SM332-00,화,18:00,19:50
SM2011-00,월,15:00,17:45
SM320-00,월,12:00,14:45
SM209-00,화,13:30,14:45
SM209-00,목,13:30,14:45
SM301-00,월,12:00,14:45
SM420-00,수,8:00,8:45
SM328-00,월,15:00,17:45
SM316-01,화,9:00,10:15
SM316-01,목,9:00,10:15
SM425-00,화,15:00,16:50
SC108-01,화,13:30,16:15
SC303-01,월,9:00,11:45
SC303-02,월,18:00,20:25
SC107-00,월,10:30,11:45
SC107-00,수,10:30,11:45
SC107-01,월,13:30,14:45
SC107-01,수,13:30,14:45
SC400-01,일,-,-
SC308-01,월,13:00,15:45
SC308-02,화,13:00,15:45
SC101-01,월,10:00,11:50
SC201-01,화,10:00,11:45
SC201-01,목,10:00,11:45
SC301-01,수,10:30,12:20
SC402-01,목,18:00,20:25
SC311-00,화,10:00,12:45
SC206-01,화,9:00,12:40
SC317-00,목,9:00,11:45
SC310-00,수,13:00,15:45
SC202-01,토,13:00,14:50
SC2010-00,수,10:00,12:45
SC312-00,화,11:00,12:50
SC409-00,수,9:00,11:45
SC403-01,화,16:00,19:15
SC305-01,수,15:00,16:50
SC209-00,월,13:30,16:15
SC209-01,수,13:30,16:15
SC404-01,화,15:00,17:45
SC404-02,수,13:00,15:25
SC103-01,목,10:00,11:50
SC410-00,화,9:00,10:50
SC204-01,월,15:00,16:50
SC105-01,금,10:00,11:50
GI405-01,화,10:30,11:45
GI405-01,목,10:30,11:45
GI105-01,월,15:00,17:45
GI303-01,월,10:30,11:45
GI303-01,수,10:30,11:45
GI400-01,일,7:00,9:00
GI102-01,화,9:00,10:15
GI102-01,목,9:00,10:15
GI201-02,수,16:30,19:15
GI411-00,수,13:30,16:15
GI103-01,월,13:00,14:50
GI103-01,수,13:00,14:50
GI204-01,화,16:30,19:15
GI302-01,월,16:30,19:15
GI404-01,금,12:00,14:45
GI315-00,월,15:00,16:50
GI315-00,수,15:00,16:50
GI308-00,월,13:30,14:45
GI308-00,수,13:30,14:45
GI205-01,금,9:00,11:45
GI306-01,금,9:00,11:45
GI408-00,금,9:00,11:45
SPACE303-01,월,15:00,16:15
SPACE303-01,수,15:00,16:15
SPACE471-00,금,12:00,12:50
SPACE301-00,화,10:30,11:45
SPACE301-00,목,10:30,11:45
SPACE203-00,화,10:30,11:45
SPACE203-00,목,10:30,11:45
SPACE203-00,금,10:30,11:45
SPACE231-00,화,15:00,16:50
SPACE231-00,목,15:00,16:50
SPACE371-00,화,17:00,17:50
SPACE312-01,월,10:30,11:45
SPACE312-01,수,10:30,11:45
SPACE411-00,월,12:00,13:15
SPACE411-00,수,12:00,13:15
SPACE212-00,화,9:00,10:15
SPACE212-00,목,9:00,10:15
SPACE221-00,월,10:30,12:20
SPACE221-00,수,10:30,12:20
SPACE322-00,화,13:00,14:15
SPACE322-00,목,13:00,14:15
SPACE424-00,월,16:30,17:45
SPACE424-00,수,16:30,17:45
SPACE424-00,수,18:00,19:15
SPACE201-00,월,13:00,14:50
SPACE201-00,수,13:00,14:50
SPACE412-00,월,13:30,14:45
SPACE412-00,수,13:30,14:45
SPACE412-00,금,13:30,16:30
SPACE211-00,화,13:30,14:45
SPACE211-00,목,13:30,14:45
APCH3401-00,월,18:00,19:15
APCH3401-00,수,18:00,19:15
APCH3401-01,화,13:30,14:45
APCH3401-01,목,13:30,14:45
APCH2303-00,월,13:30,17:10
APCH2303-01,수,13:30,17:10
APCH4600-00,금,18:00,20:45
APCH2104-00,금,9:00,11:45
APCH2201-01,화,13:30,14:45
APCH2201-01,목,13:30,14:45
APCH4601-00,화,20:30,23:15
APCH4601-00,토,20:30,23:15
APCH4401-00,월,13:30,14:45
APCH4401-00,수,13:30,14:45
APCH4607-00,월,16:30,17:45
APCH4607-00,수,16:30,17:45
APCH2101-00,화,13:30,14:45
APCH2101-00,목,13:30,14:45
APCH2101-01,화,15:00,16:15
APCH2101-01,목,15:00,16:15
APCH3101-00,월,15:00,16:15
APCH3101-00,수,15:00,16:15
APCH2301-00,월,9:00,10:15
APCH2301-00,수,9:00,10:15
APCH2301-01,월,10:30,11:45
APCH2301-01,수,10:30,11:45
APCH3501-00,화,10:30,11:45
APCH3501-00,목,10:30,11:45
APCH4501-00,화,16:30,20:20
APCH3403-00,화,15:00,18:50
APCH3403-01,목,15:00,18:50
APCH4204-00,수,19:20,21:45
APCH4204-00,목,19:20,21:45
APCH3301-00,화,9:00,10:15
APCH3301-00,목,9:00,10:15
APCH2202-00,월,12:00,13:15
APCH2202-00,수,12:00,13:15
APCH2202-01,화,10:30,11:45
APCH2202-01,목,10:30,11:45
APCH3606-00,월,9:00,10:15
APCH3606-00,수,9:00,10:15
APCH4105-00,화,10:30,11:45
APCH4105-00,목,10:30,11:45
APCH3607-00,월,12:00,13:15
APCH3607-00,수,12:00,13:15
APCH3601-00,화,12:00,13:15
APCH4603-00,월,19:20,23:10
EDU3141-G00,금,14:00,16:45
APHY3100-00,화,12:00,13:15
APHY3100-00,목,12:00,13:15
APHY2100-00,월,13:30,14:45
APHY2100-00,수,13:30,14:45
APHY3600-00,화,13:30,14:45
APHY3600-00,목,13:30,14:45
APHY3201-00,금,9:00,12:50
APHY4000-00,금,17:00,17:50
APHY2105-00,금,9:00,12:50
APHY4403-00,월,15:00,16:15
APHY4403-00,수,15:00,16:15
APHY3400-00,월,10:30,11:45
APHY3400-00,수,10:30,11:45
APHY1100-00,수,9:00,10:50
APHY1100-01,수,11:00,12:50
APHY1100-02,수,9:00,10:50
APHY1100-03,수,11:00,12:50
APHY4404-00,화,12:00,13:15
APHY4404-00,목,12:00,13:15
APHY2102-00,화,9:00,10:15
APHY2102-00,목,9:00,10:15
APHY2200-00,수,17:00,18:15
APHY2000-00,월,17:00,17:50
APHY4200-00,금,18:00,19:50
APHY4400-00,화,15:00,16:15
APHY4400-00,목,15:00,16:15
APHY2107-00,월,15:00,16:15
APHY2107-00,수,15:00,16:15
APHY3200-00,월,13:30,14:45
APHY3200-00,수,13:30,14:45
APHY3602-00,월,12:00,13:15
APHY3602-00,수,12:00,13:15
APHY2104-00,화,10:30,11:45
APHY2104-00,목,10:30,11:45
EDU3131-G00,화,16:30,17:45
EDU3131-G00,목,16:30,17:45
AMTH3003-00,화,10:30,11:45
AMTH3003-00,목,10:30,11:45
AMTH4012-00,토,10:00,11:50
AMTH2010-00,월,10:30,11:45
AMTH2010-00,수,10:30,11:45
AMTH3013-00,화,13:30,14:45
AMTH3013-00,목,13:30,14:45
AMTH4017-00,월,13:30,14:45
AMTH4017-00,수,13:30,14:45
AMTH3029-00,화,12:00,13:15
AMTH3029-00,목,12:00,13:15
AMTH2004-00,월,13:30,14:45
AMTH2004-00,수,13:30,14:45
AMTH2004-01,월,15:00,16:15
AMTH2004-01,수,15:00,16:15
AMTH4007-00,화,10:30,11:45
AMTH4007-00,목,10:30,11:45
AMTH4010-00,월,10:30,11:45
AMTH4010-00,수,10:30,11:45
AMTH2006-00,화,10:30,11:45
AMTH2006-00,목,10:30,11:45
AMTH2014-00,일,10:00,12:45
AMTH3025-00,월,10:30,11:45
AMTH3025-00,수,10:30,11:45
EDU3137-G00,목,15:00,17:45
IS2508-00,월,16:30,17:45
IS2508-00,수,16:30,17:45
IS2204-00,월,10:30,11:45
IS2204-00,수,10:30,11:45
IS4401-00,월,15:00,16:15
IS4401-00,수,15:00,16:15
IS2506-00,월,12:00,13:15
IS2506-00,수,12:00,13:15
IS2301-00,월,13:30,14:45
IS2301-00,수,13:30,14:45
IS4402-00,월,15:00,16:15
IS4402-00,수,15:00,16:15
IS3402-00,월,16:30,17:45
IS3402-00,수,16:30,17:45
IS2001-00,목,15:00,17:45
IS2001-01,월,13:30,14:45
IS2001-01,수,13:30,14:45
IS3103-00,화,13:30,14:45
IS3103-00,목,13:30,14:45
IS2503-00,화,12:00,13:15
IS2503-00,목,12:00,13:15
IS2511-00,화,12:00,13:15
IS2511-00,목,12:00,13:15
IS2513-00,금,13:30,16:00
IS2516-00,화,9:00,10:15
IS2516-00,목,9:00,10:15
IS2517-00,화,16:30,17:45
IS2517-00,목,16:30,17:45
IS2101-00,화,16:30,17:45
IS2101-00,금,16:30,17:45
IS4403-00,월,15:00,16:15
IS4403-00,수,15:00,16:15
IS4205-00,금,10:30,13:15
IS2510-00,월,12:00,13:15
IS2510-00,수,12:00,13:15
IS2512-00,월,15:00,16:15
IS2512-00,수,15:00,16:15
IS2514-00,월,9:00,10:15
IS2514-00,수,9:00,10:15
IS2515-00,월,16:30,17:45
IS2515-00,수,16:30,17:45
IS2002-00,화,9:00,10:15
IS2002-00,목,9:00,10:15
IS4102-00,월,16:30,17:45
IS4102-00,수,16:30,17:45
IS3001-00,화,15:00,16:15
IS3001-00,목,15:00,16:15
IS3001-01,월,10:30,11:45
IS3001-01,수,10:30,11:45
IS3306-00,월,16:30,17:45
IS3306-00,수,16:30,17:45
IS2003-00,화,9:00,10:15
IS2003-00,목,9:00,10:15
IS2003-01,월,13:30,14:45
IS2003-01,수,13:30,14:45
IS2004-00,월,12:00,13:15
IS2004-00,수,12:00,13:15
IS2004-01,화,10:30,11:45
IS2004-01,목,10:30,11:45
IS3002-00,월,13:30,14:45
IS3002-00,수,13:30,14:45
IS3002-01,월,15:00,16:15
IS3002-01,수,15:00,16:15
IS3516-00,월,9:00,10:15
IS3516-00,수,9:00,10:15
IS3404-00,금,9:00,11:45
IS4404-00,화,16:30,17:45
IS4404-00,목,16:30,17:45
IS3107-00,월,10:30,11:45
IS3107-00,수,10:30,11:45
IS2202-00,월,13:30,14:45
IS2202-00,수,13:30,14:45
IS2202-01,화,12:00,13:15
IS2202-01,목,12:00,13:15
IS2103-00,목,13:30,16:15
IS2203-00,월,9:00,10:15
IS2203-00,수,9:00,10:15
IS2201-00,월,10:30,11:45
IS2201-00,수,10:30,11:45
IS3532-00,화,13:30,16:15
IS2304-00,금,12:00,14:45
IS2104-00,화,13:30,14:45
IS2104-00,목,13:30,14:45
IS2507-00,금,9:00,11:45
IS1001-00,월,10:30,11:45
IS1001-00,수,10:30,11:45
IS1001-01,월,12:00,13:15
IS1001-01,수,12:00,13:15
IS1002-00,화,10:30,11:45
IS1002-00,목,10:30,11:45
IS1004-00,화,13:30,14:45
IS1004-00,금,13:30,14:45
IS1004-01,화,16:30,17:45
IS1004-01,목,16:30,17:45
IS1003-00,화,13:30,14:45
IS1003-00,목,13:30,14:45
IS1003-01,화,16:30,17:45
IS1003-01,목,16:30,17:45
AMTH1009-00,월,15:00,16:15
AMTH1009-00,수,15:00,16:15
AMTH1009-00,금,9:00,9:50
AMTH1009-00,금,16:30,19:30
AMTH1009-01,월,15:00,16:15
AMTH1009-01,수,15:00,16:15
AMTH1009-01,금,10:30,11:20
AMTH1009-01,금,16:30,19:30
AMTH1009-02,월,15:00,16:15
AMTH1009-02,수,15:00,16:15
AMTH1009-02,금,13:30,14:20
AMTH1009-02,금,16:30,19:30
AMTH1009-03,월,15:00,16:15
AMTH1009-03,수,15:00,16:15
AMTH1009-03,금,15:00,15:50
AMTH1009-03,금,16:30,19:30
AMTH1009-04,화,9:00,10:15
AMTH1009-04,목,9:00,10:15
AMTH1009-04,금,9:00,9:50
AMTH1009-05,화,9:00,10:15
AMTH1009-05,목,9:00,10:15
AMTH1009-05,금,10:30,11:20
AMTH1009-06,화,9:00,10:15
AMTH1009-06,목,9:00,10:15
AMTH1009-06,금,13:30,14:20
AMTH1009-07,화,9:00,10:15
AMTH1009-07,목,9:00,10:15
AMTH1009-07,금,15:00,15:50
AMTH1009-08,월,10:30,11:45
AMTH1009-08,수,10:30,11:45
AMTH1009-08,금,9:00,9:50
AMTH1009-09,월,10:30,11:45
AMTH1009-09,수,10:30,11:45
AMTH1009-09,금,10:30,11:20
AMTH1009-10,월,10:30,11:45
AMTH1009-10,수,10:30,11:45
AMTH1009-10,금,13:30,14:20
AMTH1009-11,월,10:30,11:45
AMTH1009-11,수,10:30,11:45
AMTH1009-11,금,15:00,15:50
AMTH1009-12,화,10:30,11:45
AMTH1009-12,목,10:30,11:45
AMTH1009-12,금,9:00,9:50
AMTH1009-13,화,10:30,11:45
AMTH1009-13,목,10:30,11:45
AMTH1009-13,금,10:30,11:20
AMTH1009-14,화,10:30,11:45
AMTH1009-14,목,10:30,11:45
AMTH1009-14,금,13:30,14:20
AMTH1009-15,화,10:30,11:45
AMTH1009-15,목,10:30,11:45
AMTH1009-15,금,15:00,15:50
AMTH1009-16,월,9:00,10:15
AMTH1009-16,수,9:00,10:15
AMTH1009-16,금,9:00,9:50
AMTH1009-17,월,9:00,10:15
AMTH1009-17,수,9:00,10:15
AMTH1009-17,금,10:30,11:20
AMTH1009-18,월,9:00,10:15
AMTH1009-18,수,9:00,10:15
AMTH1009-18,금,13:30,14:20
AMTH1009-19,월,9:00,10:15
AMTH1009-19,수,9:00,10:15
AMTH1009-19,금,15:00,15:50
AMTH1002-00,화,15:00,16:15
AMTH1002-00,목,15:00,16:15
AMTH1002-01,화,15:00,16:15
AMTH1002-01,목,15:00,16:15
AMTH1002-02,월,9:00,10:15
AMTH1002-02,수,9:00,10:15
AMTH1002-03,월,9:00,10:15
AMTH1002-03,수,9:00,10:15
AMTH1002-04,월,10:30,11:45
AMTH1002-04,수,10:30,11:45
AMTH1002-05,화,9:00,10:15
AMTH1002-05,목,9:00,10:15
AMTH1002-06,화,10:30,11:45
AMTH1002-06,목,10:30,11:45
AMTH1002-07,월,15:00,16:15
AMTH1002-07,수,15:00,16:15
AMTH1002-08,월,16:30,17:45
AMTH1002-08,수,16:30,17:45
AMTH1002-09,화,12:00,13:15
AMTH1002-09,목,12:00,13:15
AMTH1002-10,화,13:30,14:45
AMTH1002-10,목,13:30,14:45
AMTH1002-11,화,15:00,16:15
AMTH1002-11,목,15:00,16:15
AMTH1002-12,화,16:30,17:45
AMTH1002-12,목,16:30,17:45
AMTH1002-13,월,10:30,11:45
AMTH1002-13,수,10:30,11:45
AMTH1002-14,월,12:00,13:15
AMTH1002-14,수,12:00,13:15
AMTH1002-15,화,9:00,10:15
AMTH1002-15,목,9:00,10:15
AMTH1002-16,월,9:00,10:15
AMTH1002-16,수,9:00,10:15
AMTH1002-17,화,9:00,10:15
AMTH1002-17,목,9:00,10:15
AMTH1004-00,월,13:30,14:45
AMTH1004-00,수,13:30,14:45
AMTH1004-01,월,15:00,16:15
AMTH1004-01,수,15:00,16:15
AMTH1004-02,화,9:00,10:15
AMTH1004-02,목,9:00,10:15
AMTH1004-03,화,10:30,11:45
AMTH1004-03,목,10:30,11:45
AMTH1004-04,화,9:00,10:15
AMTH1004-04,목,9:00,10:15
AMTH1004-05,화,10:30,11:45
AMTH1004-05,목,10:30,11:45
AMTH1004-06,월,15:00,16:15
AMTH1004-06,수,15:00,16:15
AMTH1004-07,월,16:30,17:45
AMTH1004-07,수,16:30,17:45
AMTH1004-08,화,12:00,13:15
AMTH1004-08,목,12:00,13:15
AMTH1004-09,화,13:30,14:45
AMTH1004-09,목,13:30,14:45
AMTH1004-10,월,10:30,11:45
AMTH1004-10,수,10:30,11:45
AMTH1004-11,화,9:00,10:15
AMTH1004-11,목,9:00,10:15
AMTH1004-12,화,15:00,16:15
AMTH1004-12,목,15:00,16:15
AMTH1005-00,화,15:00,16:15
AMTH1005-00,목,15:00,16:15
AMTH1005-01,화,16:30,17:45
AMTH1005-01,목,16:30,17:45
APHY1000-00,월,12:00,13:15
APHY1000-00,수,12:00,13:15
APHY1000-01,월,16:30,17:45
APHY1000-01,수,16:30,17:45
APHY1000-02,월,10:30,11:45
APHY1000-02,수,10:30,11:45
APHY1000-03,월,9:00,10:15
APHY1000-03,수,9:00,10:15
APHY1000-04,월,15:00,16:15
APHY1000-04,수,15:00,16:15
APHY1000-05,월,16:30,17:45
APHY1000-05,수,16:30,17:45
APHY1000-06,화,13:30,14:45
APHY1000-06,목,13:30,14:45
APHY1000-07,화,15:00,16:15
APHY1000-07,목,15:00,16:15
APHY1000-08,화,16:30,17:45
APHY1000-08,목,16:30,17:45
APHY1000-09,화,12:00,13:15
APHY1000-09,목,12:00,13:15
APHY1000-10,월,10:30,11:45
APHY1000-10,수,10:30,11:45
APHY1002-02,월,9:00,10:50
APHY1002-02,수,9:00,10:50
APHY1002-05,화,9:00,10:50
APHY1002-05,목,9:00,10:50
APHY1002-06,화,9:00,10:50
APHY1002-06,목,9:00,10:50
APHY1002-07,화,11:00,12:50
APHY1002-07,목,11:00,12:50
APHY1002-08,화,11:00,12:50
APHY1002-08,목,11:00,12:50
APHY1002-09,화,9:00,10:50
APHY1002-09,목,9:00,10:50
APHY1002-10,화,9:00,10:50
APHY1002-10,목,9:00,10:50
APHY1002-11,화,11:00,12:50
APHY1002-11,목,11:00,12:50
APHY1002-12,화,11:00,12:50
APHY1002-12,목,11:00,12:50
APHY1002-13,화,14:00,15:50
APHY1002-13,목,14:00,15:50
APHY1002-14,화,14:00,15:50
APHY1002-14,목,14:00,15:50
APHY1002-15,월,11:00,12:50
APHY1002-15,수,11:00,12:50
APHY1002-16,월,11:00,12:50
APHY1002-16,수,11:00,12:50
APHY1002-17,월,11:00,12:50
APHY1002-17,수,11:00,12:50
APHY1002-18,화,9:00,10:50
APHY1002-18,목,9:00,10:50
APHY1002-19,월,14:00,15:50
APHY1002-19,수,14:00,15:50
APHY1002-20,월,14:00,15:50
APHY1002-20,수,14:00,15:50
APHY1002-21,화,14:30,16:20
APHY1002-21,목,14:30,16:20
APHY1002-22,화,14:30,16:20
APHY1002-22,목,14:30,16:20
APHY1002-23,월,14:00,15:50
APHY1002-23,수,14:00,15:50
APHY1002-24,월,14:00,15:50
APHY1002-24,수,14:00,15:50
APHY1002-25,월,11:00,12:50
APHY1002-25,수,11:00,12:50
APHY1002-26,월,11:00,12:50
APHY1002-26,수,11:00,12:50
APHY1002-27,화,11:00,12:50
APHY1002-27,목,11:00,12:50
APHY1002-28,월,9:00,10:50
APHY1002-28,수,9:00,10:50
APHY1004-00,월,10:30,11:45
APHY1004-00,수,10:30,11:45
APHY1004-01,월,12:00,13:15
APHY1004-01,수,12:00,13:15
APHY1004-02,월,13:30,14:45
APHY1004-02,수,13:30,14:45
APCH1131-00,월,15:00,16:15
APCH1131-00,수,15:00,16:15
APCH1131-01,월,16:30,17:45
APCH1131-01,수,16:30,17:45
APCH1131-02,화,9:00,10:15
APCH1131-02,목,9:00,10:15
APCH1131-03,화,12:00,13:15
APCH1131-03,목,12:00,13:15
APCH1121-00,월,9:00,10:15
APCH1121-00,수,9:00,10:15
APCH1121-01,화,10:30,11:45
APCH1121-01,목,10:30,11:45
APCH1121-02,화,12:00,13:15
APCH1121-02,목,12:00,13:15
APCH1121-03,월,12:00,13:15
APCH1121-03,수,12:00,13:15
APCH1121-04,월,13:30,14:45
APCH1121-04,수,13:30,14:45
APCH1121-05,화,15:00,16:15
APCH1121-05,목,15:00,16:15
APCH1121-06,화,17:00,18:15
APCH1121-06,목,17:00,18:15
APCH1121-07,월,9:00,10:15
APCH1121-07,수,9:00,10:15
APCH1101-00,월,10:30,12:20
APCH1101-00,수,10:30,12:20
APCH1101-01,월,10:30,12:20
APCH1101-01,수,10:30,12:20
APCH1101-02,화,10:30,12:20
APCH1101-02,목,10:30,12:20
APCH1101-03,화,10:30,12:20
APCH1101-03,목,10:30,12:20
APCH1101-04,월,13:00,14:50
APCH1101-04,수,13:00,14:50
APCH1101-05,월,13:00,14:50
APCH1101-05,수,13:00,14:50
APCH1101-06,화,13:00,14:50
APCH1101-06,목,13:00,14:50
APCH1101-07,화,13:00,14:50
APCH1101-07,목,13:00,14:50
APCH1101-08,월,15:30,17:20
APCH1101-08,수,15:30,17:20
APCH1101-09,월,15:30,17:20
APCH1101-09,수,15:30,17:20
APCH1101-10,화,15:30,17:20
APCH1101-10,목,15:30,17:20
ENV171-00,화,16:30,18:20
ENV171-00,목,10:30,12:20
ENV171-01,화,16:30,18:20
ENV171-01,목,12:30,14:20
ENV171-02,화,16:30,18:20
ENV171-02,목,14:30,16:20
BIO101-00,화,9:00,10:15
BIO101-00,목,9:00,10:15
BIO101-01,월,9:00,10:15
BIO101-01,수,9:00,10:15
BIO101-02,월,13:30,14:45
BIO101-02,수,13:30,14:45
BIO101-03,월,10:30,11:45
BIO101-03,수,10:30,11:45
BIO101-04,월,9:00,10:15
BIO101-04,수,9:00,10:15
BIO101-05,화,13:30,14:45
BIO101-05,목,13:30,14:45
BIO103-00,화,9:00,10:15
BIO103-00,목,9:00,10:15
BIO103-01,월,16:30,17:45
BIO103-01,수,16:30,17:45
CDG3277-00,수,16:30,18:20
CDG3253-00,목,16:30,18:20
CDG3253-01,화,16:30,18:20
CDG3279-00,금,10:00,11:50
CDG3268-00,목,16:00,17:50
CDG0264-00,월,16:00,17:50
CDG3260-00,월,10:00,11:50
CDG3255-00,화,16:30,18:20
CDG3262-00,금,12:00,13:50
CDG0267-00,목,12:00,13:50
CDG3254-00,금,10:00,11:50
CDG0266-00,화,12:00,13:50
CDG0268-00,월,12:00,13:50
CDG0265-00,목,14:00,15:50
CDG3278-00,금,10:00,11:50
SWCON253-00,화,13:30,14:45
SWCON253-00,목,13:30,14:45
SWCON253-01,월,16:30,17:45
SWCON253-01,수,16:30,17:45
CSE103-01,월,10:30,12:20
CSE103-01,수,10:30,12:20
CSE305-00,화,15:00,16:15
CSE305-00,목,15:00,16:15
SWCON103-00,월,9:00,12:50
SWCON201-00,금,9:30,12:20
CSE327-00,월,18:00,19:15
CSE327-00,수,18:00,19:15
SWCON401-00,금,18:00,20:50
CSE304-01,화,13:00,14:45
CSE304-01,목,13:00,14:45
CSE304-02,월,13:00,14:45
CSE304-02,수,13:00,14:45
CSE301-01,월,13:30,14:45
CSE301-01,수,13:30,14:45
CSE301-02,월,13:30,14:45
CSE301-02,수,13:30,14:45
SWCON104-00,화,13:00,14:50
SWCON104-00,목,13:00,14:50
SWCON104-01,월,13:30,15:20
SWCON104-01,수,13:30,15:20
CSE204-01,화,13:00,14:50
CSE204-01,목,13:00,14:50
CSE204-02,화,13:00,14:50
CSE204-02,목,13:00,14:50
SWCON402-00,금,8:00,8:50
CSE302-01,월,16:30,17:45
CSE302-01,수,16:30,17:45
CSE302-02,월,16:30,17:45
CSE302-02,수,16:30,17:45
CSE440-00,금,13:00,15:30
CSE330-00,월,9:30,12:00
SWCON314-00,화,16:00,17:50
SWCON314-00,목,16:00,17:50
SWCON311-00,수,13:00,14:50
SWCON311-00,금,13:00,14:50
SWCON367-00,금,15:00,17:50
SWCON321-00,금,15:00,17:50
SWCON221-00,월,10:00,11:50
SWCON221-00,수,10:00,11:50
SWCON366-00,월,10:30,11:45
SWCON366-00,수,10:30,11:45
SWCON332-00,금,12:30,15:20
CSE426-00,화,16:30,17:45
CSE426-00,목,16:30,17:45
SWCON341-00,화,19:30,20:20
CSE438-00,금,10:00,12:00
CSE335-00,목,9:30,12:00
SWCON254-00,월,13:30,14:45
SWCON254-00,수,13:30,14:45
CSE201-01,월,13:30,14:50
CSE201-01,수,13:30,14:50
CSE201-02,화,10:30,11:45
CSE201-02,목,10:30,11:45
CSE308-00,금,10:30,11:45
CSE305-01,화,15:00,16:15
CSE305-01,목,15:00,16:15
CSE223-00,금,9:30,12:00
CSE204-03,화,15:00,16:50
CSE204-03,목,15:00,16:50
CSE406-00,화,19:00,20:15
CSE406-00,목,19:00,20:15
CSE405-00,금,18:00,20:30
CSE203-01,화,10:30,11:45
CSE203-01,목,10:30,11:45
CSE203-02,화,10:30,11:45
CSE203-02,목,10:30,11:45
CSE203-03,화,13:30,14:45
CSE203-03,목,13:30,14:45
CSE203-04,화,15:00,16:15
CSE203-04,목,15:00,16:15
CSE302-03,화,16:30,17:45
CSE302-03,목,16:30,17:45
CSE444-00,월,15:00,16:15
CSE444-00,수,15:00,16:15
CSE224-00,화,13:30,14:45
CSE224-00,목,13:30,14:45
CSE331-00,화,10:30,11:45
CSE331-00,목,10:30,11:45
CSE324-00,월,15:00,16:15
CSE324-00,수,15:00,16:15
CSE340-00,금,9:30,12:00
CSE433-00,화,15:00,17:30
CSE423-00,월,15:00,16:15
CSE423-00,수,15:00,16:15
CSE436-00,금,9:30,12:00
CSE428-00,화,15:00,16:15
CSE428-00,목,15:00,16:15
CSE322-00,화,10:30,11:45
CSE322-00,목,10:30,11:45
GE4001-00,금,13:30,14:45
GE4001-00,금,15:00,16:15
GE2001-00,금,9:00,10:15
GE2001-00,금,10:30,11:45
GE3001-00,월,15:00,16:15
GE3001-00,수,15:00,16:15
GE2003-00,금,10:30,13:15
FDA301-00,화,9:00,12:50
FDA401-00,목,9:00,11:45
FDA202-00,목,9:00,11:45
GEC1403-G00,월,9:00,10:15
GEC1403-G00,수,9:00,10:15
GEC1403-G01,월,9:00,10:15
GEC1403-G01,수,9:00,10:15
GEC1403-G02,월,10:30,11:45
GEC1403-G02,수,10:30,11:45
GEC1403-G03,월,10:30,11:45
GEC1403-G03,수,10:30,11:45
GEC1403-G04,월,10:30,11:45
GEC1403-G04,수,10:30,11:45
GEC1403-G05,월,10:30,11:45
GEC1403-G05,수,10:30,11:45
GEC1403-G06,월,12:00,13:15
GEC1403-G06,수,12:00,13:15
GEC1403-G07,월,12:00,13:15
GEC1403-G07,수,12:00,13:15
GEC1403-G08,월,12:00,13:15
GEC1403-G08,수,12:00,13:15
GEC1403-G09,월,13:30,14:45
GEC1403-G09,수,13:30,14:45
GEC1403-G10,월,13:30,14:45
GEC1403-G10,수,13:30,14:45
GEC1403-G11,월,15:00,16:15
GEC1403-G11,수,15:00,16:15
GEC1403-G12,월,15:00,16:15
GEC1403-G12,수,15:00,16:15
GEC1403-G13,월,16:30,17:45
GEC1403-G13,수,16:30,17:45
GEC1403-G14,월,16:30,17:45
GEC1403-G14,수,16:30,17:45
GEC1403-G15,화,9:00,10:15
GEC1403-G15,목,9:00,10:15
GEC1403-G16,화,9:00,10:15
GEC1403-G16,목,9:00,10:15
GEC1403-G17,화,10:30,11:45
GEC1403-G17,목,10:30,11:45
GEC1403-G18,화,10:30,11:45
GEC1403-G18,목,10:30,11:45
GEC1403-G19,화,10:30,11:45
GEC1403-G19,목,10:30,11:45
GEC1403-G20,화,12:00,13:15
GEC1403-G20,목,12:00,13:15
GEC1403-G21,화,12:00,13:15
GEC1403-G21,목,12:00,13:15
GEC1403-G22,화,12:00,13:15
GEC1403-G22,목,12:00,13:15
GEC1403-G23,화,13:30,14:45
GEC1403-G23,목,13:30,14:45
GEC1403-G24,화,13:30,14:45
GEC1403-G24,목,13:30,14:45
GEC1403-G25,화,13:30,14:45
GEC1403-G25,목,13:30,14:45
GEC1403-G26,화,13:30,14:45
GEC1403-G26,목,13:30,14:45
GEC1403-G27,화,15:00,16:15
GEC1403-G27,목,15:00,16:15
GEC1403-G28,화,15:00,16:15
GEC1403-G28,목,15:00,16:15
GEC1403-G29,화,15:00,16:15
GEC1403-G29,목,15:00,16:15
GEC1403-G30,화,15:00,16:15
GEC1403-G30,목,15:00,16:15
GEC1403-G31,화,16:30,17:45
GEC1403-G31,목,16:30,17:45
GEC1403-G32,화,16:30,17:45
GEC1403-G32,목,16:30,17:45
GEC1403-G33,금,9:00,11:45
GEC1403-G34,금,9:00,11:45
GEC1403-G35,금,12:00,14:45
GEC1403-G36,금,12:00,14:45
GEC1403-G37,금,15:00,17:45
GEC1403-G38,수,18:00,20:25
GEC1403-G39,월,18:00,20:25
GEC1105-G00,월,9:00,10:15
GEC1105-G00,수,9:00,10:15
GEC1105-G01,월,9:00,10:15
GEC1105-G01,수,9:00,10:15
GEC1105-G02,월,9:00,10:15
GEC1105-G02,수,9:00,10:15
GEC1105-G03,월,9:00,10:15
GEC1105-G03,수,9:00,10:15
GEC1105-G04,월,10:30,11:45
GEC1105-G04,수,10:30,11:45
GEC1105-G05,월,10:30,11:45
GEC1105-G05,수,10:30,11:45
GEC1105-G06,월,10:30,11:45
GEC1105-G06,수,10:30,11:45
GEC1105-G07,월,12:00,13:15
GEC1105-G07,수,12:00,13:15
GEC1105-G08,월,12:00,13:15
GEC1105-G08,수,12:00,13:15
GEC1105-G09,월,12:00,13:15
GEC1105-G09,수,12:00,13:15
GEC1105-G10,월,12:00,13:15
GEC1105-G10,수,12:00,13:15
GEC1105-G11,월,12:00,13:15
GEC1105-G11,수,12:00,13:15
GEC1105-G12,월,13:30,14:45
GEC1105-G12,수,13:30,14:45
GEC1105-G13,월,13:30,14:45
GEC1105-G13,수,13:30,14:45
GEC1105-G14,월,13:30,14:45
GEC1105-G14,수,13:30,14:45
GEC1105-G15,월,15:00,16:15
GEC1105-G15,수,15:00,16:15
GEC1105-G16,월,15:00,16:15
GEC1105-G16,수,15:00,16:15
GEC1105-G17,월,16:30,17:45
GEC1105-G17,수,16:30,17:45
GEC1105-G18,월,16:30,17:45
GEC1105-G18,수,16:30,17:45
GEC1105-G19,화,9:00,10:15
GEC1105-G19,목,9:00,10:15
GEC1105-G20,화,9:00,10:15
GEC1105-G20,목,9:00,10:15
GEC1105-G21,화,10:30,11:45
GEC1105-G21,목,10:30,11:45
GEC1105-G22,화,10:30,11:45
GEC1105-G22,목,10:30,11:45
GEC1105-G23,화,10:30,11:45
GEC1105-G23,목,10:30,11:45
GEC1105-G24,화,10:30,11:45
GEC1105-G24,목,10:30,11:45
GEC1105-G25,화,10:30,11:45
GEC1105-G25,목,10:30,11:45
GEC1105-G26,화,12:00,13:15
GEC1105-G26,목,12:00,13:15
GEC1105-G27,화,12:00,13:15
GEC1105-G27,목,12:00,13:15
GEC1105-G28,화,12:00,13:15
GEC1105-G28,목,12:00,13:15
GEC1105-G29,화,12:00,13:15
GEC1105-G29,목,12:00,13:15
GEC1105-G30,화,13:30,14:45
GEC1105-G30,목,13:30,14:45
GEC1105-G31,화,13:30,14:45
GEC1105-G31,목,13:30,14:45
GEC1105-G32,화,13:30,14:45
GEC1105-G32,목,13:30,14:45
GEC1105-G33,화,13:30,14:45
GEC1105-G33,목,13:30,14:45
GEC1105-G34,화,13:30,14:45
GEC1105-G34,목,13:30,14:45
GEC1105-G35,화,15:00,16:15
GEC1105-G35,목,15:00,16:15
GEC1105-G36,화,15:00,16:15
GEC1105-G36,목,15:00,16:15
GEC1105-G37,화,15:00,16:15
GEC1105-G37,목,15:00,16:15
GEC1105-G38,화,15:00,16:15
GEC1105-G38,목,15:00,16:15
GEC1105-G39,화,15:00,16:15
GEC1105-G39,목,15:00,16:15
GEC1105-G40,화,16:30,17:45
GEC1105-G40,목,16:30,17:45
GEC1105-G41,금,9:00,11:45
GEC1105-G42,금,9:00,11:45
GEC1105-G43,금,9:00,11:45
GEC1105-G44,금,9:00,11:45
GEC1105-G45,금,12:00,14:45
GEC1105-G46,금,12:00,14:45
GEC1105-G47,금,12:00,14:45
GEC1105-G48,금,12:00,14:45
GEC1105-G49,금,15:00,17:45
GEC1105-G50,금,15:00,17:45
GEC1105-G51,금,15:00,17:45
GEC2001-G00,월,9:00,10:15
GEC2001-G00,수,9:00,10:15
GEC2001-G01,월,9:00,10:15
GEC2001-G01,수,9:00,10:15
GEC2001-G02,월,10:30,11:45
GEC2001-G02,수,10:30,11:45
GEC2001-G03,월,10:30,11:45
GEC2001-G03,수,10:30,11:45
GEC2001-G04,월,10:30,11:45
GEC2001-G04,수,10:30,11:45
GEC2001-G05,월,12:00,13:15
GEC2001-G05,수,12:00,13:15
GEC2001-G07,월,12:00,13:15
GEC2001-G07,수,12:00,13:15
GEC2001-G08,월,13:30,14:45
GEC2001-G08,수,13:30,14:45
GEC2001-G10,월,13:30,14:45
GEC2001-G10,수,13:30,14:45
GEC2001-G11,월,13:30,14:45
GEC2001-G11,수,13:30,14:45
GEC2001-G14,월,15:00,16:15
GEC2001-G14,수,15:00,16:15
GEC2001-G17,월,16:30,17:45
GEC2001-G17,수,16:30,17:45
GEC2001-G18,월,16:30,17:45
GEC2001-G18,수,16:30,17:45
GEC2001-G19,화,9:00,10:15
GEC2001-G19,목,9:00,10:15
GEC2001-G20,화,9:00,10:15
GEC2001-G20,목,9:00,10:15
GEC2001-G21,화,10:30,11:45
GEC2001-G21,목,10:30,11:45
GEC2001-G22,화,10:30,11:45
GEC2001-G22,목,10:30,11:45
GEC2001-G23,화,10:30,11:45
GEC2001-G23,목,10:30,11:45
GEC2001-G24,화,12:00,13:15
GEC2001-G24,목,12:00,13:15
GEC2001-G25,화,12:00,13:15
GEC2001-G25,목,12:00,13:15
GEC2001-G26,화,12:00,13:15
GEC2001-G26,목,12:00,13:15
GEC2001-G27,화,13:30,14:45
GEC2001-G27,목,13:30,14:45
GEC2001-G28,화,13:30,14:45
GEC2001-G28,목,13:30,14:45
GEC2001-G29,화,15:00,16:15
GEC2001-G29,목,15:00,16:15
GEC2001-G30,화,15:00,16:15
GEC2001-G30,목,15:00,16:15
GEC2001-G31,화,15:00,16:15
GEC2001-G31,목,15:00,16:15
GEC2001-G32,화,16:30,17:45
GEC2001-G32,목,16:30,17:45
GEC2001-G33,화,16:30,17:45
GEC2001-G33,목,16:30,17:45
GEC2001-G34,금,9:00,11:45
GEC2001-G35,금,9:00,11:45
GEC2001-G36,금,9:00,11:45
GEC2001-G37,금,12:00,14:45
GEC2001-G38,금,12:00,14:45
GEC2001-G39,금,12:00,14:45
GEC2001-G40,금,15:00,17:45
GEC2001-G41,금,15:00,17:45
GEC0103-G00,목,16:30,17:45
GEC0103-G00,화,16:30,17:45
GEC0103-G01,금,12:00,14:45
GEC0103-G02,월,15:00,16:15
GEC0103-G02,수,15:00,16:15
GEC0103-G03,월,13:30,14:45
GEC0103-G03,수,13:30,14:45
GEC0103-G04,월,16:30,17:45
GEC0103-G04,수,16:30,17:45
GEC0103-G05,수,12:00,13:15
GEC0103-G05,월,12:00,13:15
GEC0103-G06,수,13:30,14:45
GEC0103-G06,월,13:30,14:45
GEC0103-G07,월,15:00,16:15
GEC0103-G07,수,15:00,16:15
GEC0103-G08,화,12:00,13:15
GEC0103-G08,목,12:00,13:15
GEC0103-G09,금,12:00,14:45
GEC0103-G10,금,12:00,14:45
GEC0103-G11,화,10:30,11:45
GEC0103-G11,목,10:30,11:45
GEC0103-G13,토,9:00,11:45
GEC1104-G00,월,9:00,11:45
GEC1104-G01,월,12:00,14:45
GEC1104-G02,월,12:00,14:45
GEC1104-G03,월,12:00,14:45
GEC1104-G04,월,15:00,17:45
GEC1104-G05,월,15:00,17:45
GEC1104-G06,월,15:00,17:45
GEC1104-G07,월,15:00,17:45
GEC1104-G08,화,9:00,11:45
GEC1104-G09,화,9:00,11:45
GEC1104-G10,화,9:00,11:45
GEC1104-G11,화,12:00,14:45
GEC1104-G12,화,12:00,14:45
GEC1104-G13,화,12:00,14:45
GEC1104-G14,화,12:00,14:45
GEC1104-G15,화,12:00,14:45
GEC1104-G16,화,15:00,17:45
GEC1104-G17,화,15:00,17:45
GEC1104-G18,화,15:00,17:45
GEC1104-G19,수,9:00,11:45
GEC1104-G20,수,9:00,11:45
GEC1104-G21,수,12:00,14:45
GEC1104-G22,수,12:00,14:45
GEC1104-G23,수,12:00,14:45
GEC1104-G24,수,12:00,14:45
GEC1104-G25,수,15:00,17:45
GEC1104-G26,수,15:00,17:45
GEC1104-G27,목,9:00,11:45
GEC1104-G28,목,9:00,11:45
GEC1104-G29,목,9:00,11:45
GEC1104-G30,목,12:00,14:45
GEC1104-G31,목,12:00,14:45
GEC1104-G32,목,12:00,14:45
GEC1104-G33,목,12:00,14:45
GEC1104-G34,목,12:00,14:45
GEC1104-G35,목,15:00,17:45
GEC1104-G37,목,15:00,17:45
GEC1104-G38,금,9:00,11:45
GEC1104-G39,금,9:00,11:45
GEC1104-G41,금,12:00,14:45
GEC1104-G42,금,12:00,14:45
GEC1104-G43,금,15:00,17:45
GEC1104-G44,금,15:00,17:45
GEC1104-G45,화,9:00,11:45
GEC1101-G00,월,10:30,11:45
GEC1101-G00,수,10:30,11:45
GEC1101-G01,월,16:30,17:45
GEC1101-G01,수,16:30,17:45
GEC1101-G02,화,10:30,11:45
GEC1101-G02,목,10:30,11:45
GEC1102-G00,금,9:00,11:45
GEC1102-G01,금,9:00,11:45
GEC1102-G02,금,12:00,14:45
GEC1102-G03,금,12:00,14:45
GEC1102-G04,금,12:00,14:45
GEC1102-G05,금,15:00,17:45
GEC1102-G06,월,9:00,10:15
GEC1102-G06,수,9:00,10:15
GEC1102-G07,월,10:30,11:45
GEC1102-G07,수,10:30,11:45
GEC1102-G08,월,10:30,11:45
GEC1102-G08,수,10:30,11:45
GEC1102-G09,월,10:30,11:45
GEC1102-G09,수,10:30,11:45
GEC1102-G10,월,10:30,11:45
GEC1102-G10,수,10:30,11:45
GEC1102-G11,월,10:30,11:45
GEC1102-G11,수,10:30,11:45
GEC1102-G12,월,12:00,13:15
GEC1102-G12,수,12:00,13:15
GEC1102-G13,월,12:00,13:15
GEC1102-G13,수,12:00,13:15
GEC1102-G14,월,12:00,13:15
GEC1102-G14,수,12:00,13:15
GEC1102-G15,월,12:00,13:15
GEC1102-G15,수,12:00,13:15
GEC1102-G16,월,12:00,13:15
GEC1102-G16,수,12:00,13:15
GEC1102-G17,월,13:30,14:45
GEC1102-G17,수,13:30,14:45
GEC1102-G18,월,13:30,14:45
GEC1102-G18,수,13:30,14:45
GEC1102-G19,월,13:30,14:45
GEC1102-G19,수,13:30,14:45
GEC1102-G20,월,13:30,14:45
GEC1102-G20,수,13:30,14:45
GEC1102-G21,월,15:00,16:15
GEC1102-G21,수,15:00,16:15
GEC1102-G22,월,15:00,16:15
GEC1102-G22,수,15:00,16:15
GEC1102-G23,월,15:00,16:15
GEC1102-G23,수,15:00,16:15
GEC1102-G24,월,15:00,16:15
GEC1102-G24,수,15:00,16:15
GEC1102-G25,월,15:00,16:15
GEC1102-G25,수,15:00,16:15
GEC1102-G26,월,15:00,16:15
GEC1102-G26,수,15:00,16:15
GEC1102-G27,월,16:30,17:45
GEC1102-G27,수,16:30,17:45
GEC1102-G28,월,16:30,17:45
GEC1102-G28,수,16:30,17:45
GEC1102-G29,화,9:00,10:15
GEC1102-G29,목,9:00,10:15
GEC1102-G30,화,9:00,10:15
GEC1102-G30,목,9:00,10:15
GEC1102-G31,화,9:00,10:15
GEC1102-G31,목,9:00,10:15
GEC1102-G32,화,9:00,10:15
GEC1102-G32,목,9:00,10:15
GEC1102-G33,화,10:30,11:45
GEC1102-G33,목,10:30,11:45
GEC1102-G34,화,10:30,11:45
GEC1102-G34,목,10:30,11:45
GEC1102-G35,화,10:30,11:45
GEC1102-G35,목,10:30,11:45
GEC1102-G36,화,10:30,11:45
GEC1102-G36,목,10:30,11:45
GEC1102-G37,화,10:30,11:45
GEC1102-G37,목,10:30,11:45
GEC1102-G38,화,10:30,11:45
GEC1102-G38,목,10:30,11:45
GEC1102-G39,화,12:00,13:15
GEC1102-G39,목,12:00,13:15
GEC1102-G40,화,12:00,13:15
GEC1102-G40,목,12:00,13:15
GEC1102-G41,화,12:00,13:15
GEC1102-G41,목,12:00,13:15
GEC1102-G42,화,12:00,13:15
GEC1102-G42,목,12:00,13:15
GEC1102-G43,화,13:30,14:45
GEC1102-G43,목,13:30,14:45
GEC1102-G44,화,13:30,14:45
GEC1102-G44,목,13:30,14:45
GEC1102-G45,화,13:30,14:45
GEC1102-G45,목,13:30,14:45
GEC1102-G46,화,13:30,14:45
GEC1102-G46,목,13:30,14:45
GEC1102-G47,화,13:30,14:45
GEC1102-G47,목,13:30,14:45
GEC1102-G48,화,13:30,14:45
GEC1102-G48,목,13:30,14:45
GEC1102-G49,화,15:00,16:15
GEC1102-G49,목,15:00,16:15
GEC1102-G50,화,15:00,16:15
GEC1102-G50,목,15:00,16:15
GEC1102-G51,화,15:00,16:15
GEC1102-G51,목,15:00,16:15
GEC1102-G52,화,16:30,17:45
GEC1102-G52,목,16:30,17:45
GEC1102-G53,화,16:30,17:45
GEC1102-G53,목,16:30,17:45
GEC1102-G54,화,16:30,17:45
GEC1102-G54,목,16:30,17:45
GEB1201-G00,월,12:00,13:15
GEB1201-G00,수,12:00,13:15
GEB1202-G00,월,9:00,10:15
GEB1202-G00,수,9:00,10:15
GEB1202-G04,화,10:30,11:45
GEB1202-G04,목,10:30,11:45
GEB1202-G05,화,12:00,13:15
GEB1202-G05,목,12:00,13:15
GEB1202-G06,화,13:30,14:45
GEB1202-G06,목,13:30,14:45
GEB1101-G01,화,9:00,10:15
GEB1101-G01,목,9:00,10:15
GEB1101-G02,화,12:00,13:15
GEB1101-G02,목,12:00,13:15
GEB1102-G00,월,9:00,10:15
GEB1102-G00,수,9:00,10:15
GEB1102-G01,월,10:30,11:45
GEB1102-G01,수,10:30,11:45
GEB1102-G02,월,10:30,11:45
GEB1102-G02,수,10:30,11:45
GEB1102-G03,월,13:30,14:45
GEB1102-G03,수,13:30,14:45
GEB1102-G04,월,15:00,16:15
GEB1102-G04,수,15:00,16:15
GEB1102-G05,월,15:00,16:15
GEB1102-G05,수,15:00,16:15
GEB1102-G06,화,9:00,10:15
GEB1102-G06,목,9:00,10:15
GEB1102-G07,화,10:30,11:45
GEB1102-G07,목,10:30,11:45
GEB1102-G08,화,13:30,14:45
GEB1102-G08,목,13:30,14:45
GEB1301-G00,화,15:00,17:45
GEB1301-G01,수,12:00,14:45
GED1989-G00,화,15:00,16:15
GED1989-G00,목,15:00,16:15
GED1356-G00,수,10:30,13:15
GED1356-G01,수,13:30,16:15
GED1735-G00,목,15:00,17:45
GED1737-G00,금,12:00,14:45
GED1733-G00,목,12:00,14:45
GED1929-G00,화,9:00,11:45
GED1738-G00,수,12:00,14:45
GED1734-G00,월,13:30,16:15
GED1940-G00,수,9:00,11:45
GED1739-G00,금,12:00,14:45
GED1329-G00,월,15:00,16:15
GED1329-G00,수,15:00,16:15
GED1945-G00,월,12:00,13:15
GED1945-G00,수,12:00,13:15
GED1945-G01,화,12:00,13:15
GED1945-G01,목,12:00,13:15
GED1947-G00,화,10:30,13:15
GED1947-G01,화,13:30,16:15
GED1951-G00,목,9:00,11:45
GED1955-G00,금,15:00,17:45
GED1995-G00,월,15:00,16:15
GED1995-G00,수,15:00,16:15
GED1502-G00,금,9:00,11:45
GED1801-G00,월,13:30,14:45
GED1801-G00,수,13:30,14:45
GED1819-G00,금,9:00,11:45
GED1860-G00,월,9:00,10:15
GED1860-G00,수,9:00,10:15
GED1664-G00,화,15:00,16:15
GED1664-G00,목,15:00,16:15
GED1861-G00,화,12:00,13:15
GED1861-G00,목,12:00,13:15
GED1960-G00,월,16:30,17:45
GED1960-G00,수,16:30,17:45
GED1960-G01,화,15:00,16:15
GED1960-G01,목,15:00,16:15
GED1959-G00,화,10:30,11:45
GED1959-G00,목,10:30,11:45
GED1959-G01,월,15:00,16:15
GED1959-G01,수,15:00,16:15
GED1959-G02,월,16:30,17:45
GED1959-G02,수,16:30,17:45
GED1959-G03,화,13:30,14:45
GED1959-G03,목,13:30,14:45
GED1959-G04,화,15:00,16:15
GED1959-G04,목,15:00,16:15
GED1958-G00,월,15:00,16:15
GED1958-G00,수,15:00,16:15
GED1957-G00,월,15:00,16:15
GED1957-G00,수,15:00,16:15
GED1957-G01,화,16:30,17:45
GED1957-G01,목,16:30,17:45
GED1957-G02,월,13:30,14:45
GED1957-G02,수,13:30,14:45
GED1961-G00,월,12:00,13:15
GED1961-G00,수,12:00,13:15
GED1961-G01,월,10:30,11:45
GED1961-G01,수,10:30,11:45
GED1862-G00,금,12:00,14:45
GED1965-G00,월,13:30,14:45
GED1965-G00,수,13:30,14:45
GED1865-G00,화,12:00,13:15
GED1865-G00,목,12:00,13:15
GED1663-G00,금,15:00,17:45
GED1993-G00,월,10:30,11:45
GED1993-G00,수,10:30,11:45
GED1459-G00,금,12:00,14:45
GED1665-G00,월,16:30,17:45
GED1665-G00,수,16:30,17:45
GED1666-G00,월,16:30,17:45
GED1666-G00,수,16:30,17:45
GED1908-G00,월,10:30,11:45
GED1908-G00,수,10:30,11:45
GED1909-G00,화,15:00,16:15
GED1909-G00,목,15:00,16:15
GED1873-G00,월,10:30,11:45
GED1873-G00,수,10:30,11:45
GED1876-G00,화,10:30,11:45
GED1876-G00,목,10:30,11:45
GED1541-G00,월,15:00,16:15
GED1541-G00,수,15:00,16:15
GED1202-G00,화,13:30,14:45
GED1202-G00,목,13:30,14:45
GED1202-G01,월,10:30,11:45
GED1202-G01,수,10:30,11:45
GED1408-G00,화,12:00,13:15
GED1408-G00,목,12:00,13:15
GED1408-G01,화,13:30,14:45
GED1408-G01,목,13:30,14:45
GED1504-G00,화,15:00,16:15
GED1504-G00,목,15:00,16:15
GED1539-G00,월,9:00,10:15
GED1539-G00,수,9:00,10:15
GED1540-G00,월,13:30,14:45
GED1540-G00,수,13:30,14:45
GED1206-G00,월,15:00,16:15
GED1206-G00,수,15:00,16:15
GED1108-G00,화,16:30,17:45
GED1108-G00,목,16:30,17:45
GED1544-G00,화,10:30,11:45
GED1544-G00,목,10:30,11:45
GED1215-G00,화,9:00,10:15
GED1215-G00,목,9:00,10:15
GED1217-G00,월,13:30,14:45
GED1217-G00,수,13:30,14:45
GED1217-G01,월,15:00,16:15
GED1217-G01,수,15:00,16:15
GED1542-G00,화,13:30,14:45
GED1542-G00,목,13:30,14:45
GED1991-G00,화,15:00,16:15
GED1991-G00,목,15:00,16:15
GED1223-G00,화,15:00,16:15
GED1223-G00,목,15:00,16:15
GED1223-G01,금,12:00,14:45
GED1537-G00,화,10:30,11:45
GED1537-G00,목,10:30,11:45
GED1501-G00,수,18:00,20:25
GED1962-G00,월,13:30,14:45
GED1962-G00,수,13:30,14:45
GED1466-G00,화,15:00,16:15
GED1466-G00,목,15:00,16:15
GED1508-G00,화,13:30,14:45
GED1508-G00,목,13:30,14:45
GED1508-G01,화,10:30,11:45
GED1508-G01,목,10:30,11:45
GED1509-G00,월,15:00,16:15
GED1509-G00,수,15:00,16:15
GED1511-G00,월,13:30,14:45
GED1511-G00,수,13:30,14:45
GED1987-G00,화,15:00,16:15
GED1987-G00,목,15:00,16:15
GED1467-G00,화,10:30,11:45
GED1467-G00,목,10:30,11:45
GED1419-G00,화,13:30,14:45
GED1419-G00,목,13:30,14:45
GED1419-G01,금,12:00,14:45
GED1465-G00,금,12:00,14:45
GED1517-G00,월,12:00,13:15
GED1517-G00,수,12:00,13:15
GED1432-G00,월,13:30,14:45
GED1432-G00,수,13:30,14:45
GED1435-G00,월,10:30,11:45
GED1435-G00,수,10:30,11:45
GED1528-G00,월,9:00,10:15
GED1528-G00,수,9:00,10:15
GED1437-G00,화,15:00,16:15
GED1437-G00,목,15:00,16:15
GED1440-G00,금,15:00,17:45
GED1301-G00,월,15:00,16:15
GED1301-G00,수,15:00,16:15
GED1353-G00,화,12:00,13:15
GED1353-G00,목,12:00,13:15
GED1305-G00,금,12:00,14:45
GED1306-G00,수,16:30,17:45
GED1306-G00,월,16:30,17:45
GED1631-G00,월,12:00,13:15
GED1631-G00,수,12:00,13:15
GED1358-G00,금,12:00,14:45
GED1609-G00,화,15:00,16:15
GED1609-G00,목,15:00,16:15
GED1609-G01,금,9:00,11:45
GED1311-G00,월,10:30,11:45
GED1311-G00,수,10:30,11:45
GED1337-G00,월,13:30,14:45
GED1337-G00,수,13:30,14:45
GED1650-G00,화,10:30,11:45
GED1650-G00,목,10:30,11:45
GED1657-G00,수,15:00,17:45
GED1621-G00,화,10:30,11:45
GED1621-G00,목,10:30,11:45
GED1656-G00,화,18:00,20:25
GED1349-G00,월,12:00,13:15
GED1349-G00,수,12:00,13:15
GED1363-G00,월,13:30,14:45
GED1363-G00,수,13:30,14:45
GED1325-G00,토,13:00,15:45
GED1660-G00,수,10:30,13:15
GED1357-G00,금,12:00,14:45
GED1362-G00,월,10:30,11:45
GED1362-G00,수,10:30,11:45
GED1626-G00,월,13:30,14:45
GED1626-G00,수,13:30,14:45
GED1628-G00,화,15:00,16:15
GED1628-G00,목,15:00,16:15
GED1721-G00,월,10:30,11:45
GED1721-G00,수,10:30,11:45
GED1710-G00,화,10:30,11:45
GED1710-G00,목,10:30,11:45
GED1248-G00,화,13:30,14:45
GED1248-G00,목,13:30,14:45
GED1717-G00,화,13:30,14:45
GED1717-G00,목,13:30,14:45
GED1717-G01,화,16:30,17:45
GED1717-G01,목,16:30,17:45
GED1717-G02,화,10:30,11:45
GED1717-G02,목,10:30,11:45
GED1717-G03,토,9:00,11:45
GED1136-G00,화,16:30,17:45
GED1136-G00,목,16:30,17:45
GED1103-G00,금,12:00,14:45
GED1104-G00,월,10:30,11:45
GED1104-G00,수,10:30,11:45
GED1105-G00,화,15:00,16:15
GED1105-G00,목,15:00,16:15
GED1208-G00,금,9:00,11:45
GED1113-G00,금,9:00,11:45
GED1113-G01,월,15:00,16:15
GED1113-G01,수,15:00,16:15
GED1135-G00,화,18:00,20:25
GED1212-G00,화,10:30,11:45
GED1212-G00,목,10:30,11:45
GED1240-G00,월,10:30,11:45
GED1240-G00,수,10:30,11:45
GED1240-G01,월,13:30,14:45
GED1240-G01,수,13:30,14:45
GED1242-G00,월,16:30,17:45
GED1242-G00,수,16:30,17:45
GED1123-G00,화,13:30,14:45
GED1123-G00,목,13:30,14:45
GED1984-G00,화,12:00,13:15
GED1984-G00,목,12:00,13:15
GED1119-G00,월,9:00,10:15
GED1119-G00,수,9:00,10:15
GED1119-G01,토,13:00,15:45
GED1966-G00,화,15:00,16:15
GED1966-G00,목,15:00,16:15
GED1235-G00,월,12:00,13:15
GED1235-G00,수,12:00,13:15
GEE1605-G00,수,13:00,14:50
GEE1608-G00,목,12:00,13:50
GEE1613-G00,수,15:00,16:50
GEE1665-G00,월,15:00,16:50
GEE1665-G01,목,15:00,16:50
GEE1615-G00,화,10:30,12:20
GEE1670-G00,금,14:00,15:50
GEE1625-G00,화,9:00,10:15
GEE1625-G00,목,9:00,10:15
GEE1630-G00,목,15:00,16:50
GEE1630-G01,금,9:00,10:50
GEE1633-G00,화,10:30,12:20
GEE1633-G01,목,10:30,12:20
GEE1668-G00,금,10:30,12:20
GEE1667-G00,화,9:00,10:50
GEE1667-G01,수,9:00,10:50
GEE1642-G00,금,13:00,14:50
GEE1642-G01,금,15:00,16:50
GEE1644-G00,금,10:30,12:20
GEE1644-G01,목,15:00,16:50
GEE1648-G00,월,18:00,19:50
GEE1648-G01,수,18:00,19:50
GEE1652-G00,화,10:30,12:20
GEE1657-G00,목,13:30,16:15
GEE1657-G01,화,18:00,20:25
GEE1669-G00,화,10:00,11:50
IPE108-00,금,9:00,11:45
IPE102-00,금,15:00,17:45
GEE1344-G00,금,9:00,11:45
GEE1344-G01,금,12:00,14:45
GEE1127-G00,토,9:00,11:45
GEE1127-G01,화,18:00,20:25
GEE1127-G02,화,18:00,20:25
GEE1343-G00,화,12:00,13:15
GEE1343-G00,목,12:00,13:15
GEE1953-G01,화,15:00,16:15
GEE1953-G01,목,15:00,16:15
GEE1954-G01,목,18:00,20:25
GEE1956-G01,월,16:30,17:45
GEE1956-G01,수,16:30,17:45
GEE1956-G02,월,16:30,17:45
GEE1956-G02,수,16:30,17:45
GEE1956-G03,월,16:30,17:45
GEE1956-G03,수,16:30,17:45
GEE1956-G06,화,16:30,17:45
GEE1956-G06,목,16:30,17:45
GEE1345-G00,금,12:00,14:45
GEE1345-G01,금,9:00,11:45
GEE1193-G00,금,15:00,17:45
IPE401-00,금,9:00,11:45
IPE503-00,목,12:00,14:45
IPE303-00,월,10:30,11:45
IPE303-00,수,10:30,11:45
GEE1265-G00,월,9:00,10:15
GEE1265-G00,수,9:00,10:15
GEE1267-G00,월,10:30,11:45
GEE1267-G00,수,10:30,11:45
GEE1960-G00,화,9:00,10:15
GEE1960-G00,목,9:00,10:15
GEE1961-G00,화,10:30,11:45
GEE1961-G00,목,10:30,11:45
GEE1332-G00,월,12:00,12:50
GEE1332-G01,월,15:00,15:50
GEE1332-G02,목,13:30,14:20
GEE1332-G03,수,10:30,11:20
GEE1332-G04,월,16:30,17:20
GEE1332-G05,수,10:30,11:20
GEE1332-G06,목,9:00,9:50
GEE1920-G00,월,10:30,11:45
EDU3101-G00,목,15:30,17:20
EDU3103-G00,월,11:00,12:50
EDU2101-G00,화,15:30,17:20
EDU2101-G01,수,9:00,10:50
EDU2102-G00,화,9:00,10:50
EDU2102-G01,화,11:00,12:50
EDU2103-G03,월,15:30,17:20
EDU2103-G04,수,11:00,12:50
EDU3104-G00,목,13:30,15:20
EDU2104-G00,월,9:00,10:50
EDU4104-G00,월,13:30,15:20
EDU4104-G01,월,15:30,17:20
EDU3105-G00,금,13:30,15:20
EDU3106-G00,금,9:00,10:50
EDU3106-G01,금,11:00,12:50
EDU2107-G00,화,13:30,15:20
EDU2107-G01,목,11:00,12:50
EDU4103-G00,수,9:00,10:50
EDU4103-G01,수,11:00,12:50
DC304-01,월,9:00,12:50
RTG106-00,월,8:30,10:20
RTG106-00,수,8:30,10:20
RTG108-00,화,8:30,10:20
RTG108-00,목,8:30,10:20
FSB451-00,화,13:30,16:15
APHY1002-29,월,9:00,10:50
APHY1002-29,수,9:00,10:50
OMB320-00,월,13:30,14:45
OMB320-00,수,13:30,14:45
OMB301-00,금,13:00,16:50
OMB401-00,금,9:00,10:00
OMB216-00,화,13:30,14:45
OMB216-00,목,13:30,14:45
OMB310-00,금,17:00,18:50
OMB213-00,월,9:00,10:15
OMB213-00,수,9:00,10:15
OMB312-00,목,15:30,19:20
OMB211-00,화,10:30,11:45
OMB211-00,목,10:30,11:45
OMB319-00,화,15:00,18:50
OMB412-00,월,18:00,20:45
OMB204-00,월,15:00,16:15
OMB204-00,수,15:00,16:15
GEN303-00,월,12:00,13:15
GEN303-00,수,12:00,13:15
GEN301-00,월,16:30,17:45
GEN301-00,수,16:30,17:45
GEN301-01,화,13:30,14:45
GEN301-01,목,13:30,14:45
GEN302-00,월,9:00,10:15
GEN302-00,수,9:00,10:15
GEN302-01,화,9:00,10:15
GEN302-01,목,9:00,10:15
GEN401-00,토,9:00,10:00
GEN202-00,월,10:30,11:45
GEN202-00,수,10:30,11:45
GEN202-01,월,13:30,14:45
GEN202-01,수,13:30,14:45
GEN203-00,월,15:30,19:20
GEN203-01,월,15:30,19:20
GEN203-02,금,13:30,17:20
GEN305-00,월,15:00,16:15
GEN305-00,수,15:00,16:15
GEN305-01,화,15:00,16:15
GEN305-01,목,15:00,16:15
GEN306-00,화,16:30,20:20
GEN306-02,금,9:30,13:20
GEN405-00,화,12:00,13:15
GEN405-00,목,12:00,13:15
GEN204-00,화,15:00,16:15
GEN204-00,목,15:00,16:15
GEN409-00,월,15:00,16:15
GEN409-00,수,15:00,16:15
GEN307-00,화,10:30,11:45
GEN307-00,목,10:30,11:45
GEN403-00,월,10:30,11:45
GEN403-00,수,10:30,11:45
GEN410-00,월,13:30,14:45
GEN410-00,수,13:30,14:45
GEN315-00,토,16:30,18:20
GEN418-00,금,13:30,16:15
GEN324-00,월,12:00,13:15
GEN324-00,수,12:00,13:15
GEN308-00,화,12:00,13:15
GEN308-00,목,12:00,13:15
GEN208-00,월,12:00,13:15
GEN208-00,수,12:00,13:15
EDU3161-G00,금,15:00,17:45
BIO103-02,화,10:30,11:45
BIO103-02,목,10:30,11:45
AT301-00,화,9:00,12:50
AT401-00,월,9:00,12:50
NE465-00,금,13:30,16:15
CSE103-02,월,18:00,19:50
CSE103-02,수,18:00,19:50
IS1001-02,화,10:30,11:45
IS1001-02,목,10:30,11:45
GE402-00,토,9:00,10:00
GED1820-G00,금,12:00,14:45
GED1868-G00,금,9:00,11:45
GED1405-G00,월,12:00,13:15
GED1405-G00,수,12:00,13:15
GEE1330-G01,수,18:00,20:00
GEE1330-G02,화,18:00,20:00
GEE1330-G03,화,18:00,20:00
GEE1330-G04,목,18:00,20:00
DC303-01,목,13:30,17:20
DC207-01,금,13:30,17:20
DC205-01,수,9:00,12:50
VID2011-01,화,9:00,12:50
VID2019-01,화,13:30,17:20
VID3028-01,수,13:30,17:20
ID3015-01,금,13:30,17:20
ID3014-01,화,13:30,17:20
CA2006-01,화,13:30,17:20
VID2002-01,목,9:00,12:50
EE497-00,목,18:00,21:50
EE497-01,목,18:00,21:50
EE497-02,목,18:00,21:50
EE497-03,목,18:00,21:50
EE497-04,목,18:00,21:50
EE497-05,목,18:00,21:50
EE497-06,목,18:00,21:50
EE497-07,목,18:00,21:50
EE497-09,목,18:00,21:50
EE497-10,목,18:00,21:50
EE497-11,목,18:00,21:50
EE497-12,목,18:00,21:50
EE497-13,목,18:00,21:50
EE497-14,목,18:00,21:50
EE497-15,목,18:00,21:50
EE321-03,화,9:00,10:15
EE321-03,목,9:00,10:15
IS2204-01,금,9:00,11:45
CSE103-03,화,13:00,14:50
CSE103-03,목,13:00,14:50
GED1502-G01,금,15:00,17:45
GED1223-G02,금,15:00,17:45
GED1432-G01,월,16:30,17:45
GED1432-G01,수,16:30,17:45
GED1440-G01,수,18:00,20:25
GED1208-G01,금,12:00,14:45
IS3406-00,월,16:30,17:45
IS3406-00,수,16:30,17:45
GEE1958-G00,월,9:00,10:15
GEE1958-G00,수,9:00,10:15
GEE1959-G00,월,10:30,11:45
GEE1959-G00,수,10:30,11:45
IS2002-01,금,15:00,17:45
SWCON363-01,수,14:00,16:50
IS3513-00,토,9:00,11:45
IS3520-00,토,9:00,11:45
SPACE493-00,금,9:00,11:50
GEE1330-G05,화,18:00,20:00
APCH2303-02,금,13:00,16:50
APCH3301-01,금,9:00,11:45
GEE1958-G01,월,13:30,14:45
GEE1958-G01,수,13:30,14:45
GEE1959-G01,금,9:00,11:45
GEE1960-G01,월,9:00,10:15
GEE1960-G01,수,9:00,10:15
GEE1961-G01,월,10:30,11:45
GEE1961-G01,수,10:30,11:45
EE368-00,수,18:00,19:15
EE368-00,수,19:30,20:45
ENV393-00,금,10:30,13:15
ME312-04,월,18:00,19:15
ME312-04,수,18:00,19:15
EE368-01,수,18:00,19:15
EE368-01,수,19:30,20:45
EE368-02,화,18:00,19:15
EE368-02,화,19:30,20:45
BME314-00,금,18:00,20:50
EE368-03,수,18:00,19:15
EE368-03,수,19:30,20:45
GEE1344-G02,금,9:00,11:45
GEE1345-G02,목,18:00,20:45
GED1736-G00,월,12:00,14:45
IS2502-00,금,10:30,13:15
IS3513-01,토,9:00,11:45
IE320-00,화,15:00,16:15
NE446-00,수,15:00,17:45
EE368-04,수,18:30,19:45
EE368-04,수,20:00,21:15
CSE495-00,수,9:00,11:50